type,id,attributes.contains_refund,attributes.currency,attributes.date_placed,attributes.deferred_item_count,attributes.deferred_item_total,attributes.deferred_item_total_incl_tax,attributes.has_deferred_payments,attributes.has_interac_payments,attributes.is_past_refund_date,attributes.is_refundable,attributes.location,attributes.net_total,attributes.number,attributes.payment_sources.0.label,attributes.payment_sources.0.amount_allocated,attributes.payment_sources.0.currency,attributes.payment_sources.0.date_created,attributes.refund_subtotal,attributes.refund_total,attributes.refund_total_tax,attributes.should_display_price_include_tax,attributes.status,attributes.subtotal,attributes.subtotal_excl_discounts,attributes.subtotal_incl_tax,attributes.summary.0,attributes.summary_nonrefunded_items.0,attributes.taxes.0.name,attributes.taxes.0.tax,attributes.total,attributes.total_amount_refunded,attributes.total_discount,attributes.total_tax,relationships.billing_address.data,relationships.broker.data.type,relationships.broker.data.id,relationships.cart.data.type,relationships.cart.data.id,relationships.fulfillment_partner.data.type,relationships.fulfillment_partner.data.id,relationships.order_lines.data.0.type,relationships.order_lines.data.0.id,relationships.originating_partner.data.type,relationships.originating_partner.data.id,relationships.parent_order.data,relationships.user.data.type,relationships.user.data.id
orders,21414,,USD,2024-06-29T19:09:16.700934Z,0,0,0,,,,1,Orange,4,9QU7-RUHQ-55O5,"Visa ending in 3304",4,USD,2024-06-29T19:09:16.848223Z,0,0,0,,Completed,4,4,4,"Torrance/Lakewood/Orange | July 4, 2024 - 1 Week Trial for $4","Torrance/Lakewood/Orange | July 4, 2024 - 1 Week Trial for $4","Orange Tax - Memberships",0,4,0,0,0,,users,41104,carts,34824,partners,41430,order_lines,21474,partners,1,,users,41104
orders,21413,,USD,2024-06-29T15:47:09.114720Z,0,0,0,,,,1,Orange,4,S3KR-QRD4-55O5,"Mastercard ending in 8768",4,USD,2024-06-29T15:47:09.224474Z,0,0,0,,Completed,4,4,4,"Torrance/Lakewood/Orange | July 4, 2024 - 1 Week Trial for $4","Torrance/Lakewood/Orange | July 4, 2024 - 1 Week Trial for $4","Orange Tax - Memberships",0,4,0,0,0,,users,41101,carts,34816,partners,41430,order_lines,21473,partners,1,,users,41101
orders,21412,,USD,2024-06-29T15:12:32.419521Z,0,0,0,,,,1,Orange,15,DHWN-KWCD-55O5,"Mastercard ending in 0999",15,USD,2024-06-29T15:12:32.534237Z,0,0,0,,Completed,15,15,15,"Late Cancel Fee","Late Cancel Fee","Orange Tax - Penalty Fees",0,15,0,0,0,,users,40779,carts,34815,partners,41430,order_lines,21472,partners,1,,users,40779
orders,21411,,USD,2024-06-29T15:12:30.840296Z,0,0,0,,,,1,Torrance,15,F8A4-MKS2-55O5,"Visa ending in 9430",15,USD,2024-06-29T15:12:30.947543Z,0,0,0,,Completed,15,15,15,"No Show Fee","No Show Fee","Torrance Tax - Penalty Fees",0,15,0,0,0,,users,38723,carts,34814,partners,41362,order_lines,21471,partners,1,,users,38723
orders,21410,,USD,2024-06-29T15:12:30.818011Z,0,0,0,,,,1,Orange,15,QKVK-FGAH-55O5,"American Express ending in 5003",15,USD,2024-06-29T15:12:30.919576Z,0,0,0,,Completed,15,15,15,"Late Cancel Fee","Late Cancel Fee","Orange Tax - Penalty Fees",0,15,0,0,0,,users,40943,carts,34813,partners,41430,order_lines,21470,partners,1,,users,40943
orders,21409,,USD,2024-06-29T15:12:30.575768Z,0,0,0,,,,1,Orange,15,FFZ5-G96C-55O5,"Mastercard ending in 6124",15,USD,2024-06-29T15:12:30.736203Z,0,0,0,,Completed,15,15,15,"Late Cancel Fee","Late Cancel Fee","Orange Tax - Penalty Fees",0,15,0,0,0,,users,40783,carts,34812,partners,41430,order_lines,21469,partners,1,,users,40783
orders,21408,,USD,2024-06-29T15:12:30.489727Z,0,0,0,,,,1,Orange,15,UCM9-KPH7-55O5,"American Express ending in 5003",15,USD,2024-06-29T15:12:30.600400Z,0,0,0,,Completed,15,15,15,"Late Cancel Fee","Late Cancel Fee","Orange Tax - Penalty Fees",0,15,0,0,0,,users,40944,carts,34811,partners,41430,order_lines,21468,partners,1,,users,40944
orders,21407,,USD,2024-06-29T15:12:30.229426Z,0,0,0,,,,1,Lakewood,15,YMJ9-H7WX-55O5,"Visa ending in 3101",15,USD,2024-06-29T15:12:30.337345Z,0,0,0,,Completed,15,15,15,"Late Cancel Fee","Late Cancel Fee","Lakewood Tax - Penalty Fees",0,15,0,0,0,,users,39364,carts,34809,partners,41395,order_lines,21467,partners,1,,users,39364
orders,21406,,USD,2024-06-29T14:44:51.974288Z,0,0,0,,,,1,Orange,4,NDR4-J7FP-55O5,"Visa ending in 0501",4,USD,2024-06-29T14:44:52.119530Z,0,0,0,,Completed,4,4,4,"Torrance/Lakewood/Orange | July 4, 2024 - 1 Week Trial for $4","Torrance/Lakewood/Orange | July 4, 2024 - 1 Week Trial for $4","Orange Tax - Memberships",0,4,0,0,0,,users,40678,carts,34614,partners,41430,order_lines,21466,partners,1,,users,40678
orders,21405,,USD,2024-06-29T14:23:49.556253Z,0,0,0,,,,1,Torrance,25,PGA5-J9F6-55O5,"Visa ending in 4330",25,USD,2024-06-29T14:23:50.050941Z,0,0,0,,Completed,25,25,25,"Torrance | Starter Package - 6 Month Contract","Torrance | Starter Package - 6 Month Contract","Torrance Tax - Memberships",0,25,0,0,0,,users,40643,carts,34806,partners,41362,order_lines,21465,partners,1,,users,40643
orders,21404,,USD,2024-06-29T14:23:49.370665Z,0,0,0,,,,1,Lakewood,35,BQPD-F6R4-55O5,"Visa ending in 3966",35,USD,2024-06-29T14:23:49.551366Z,0,0,0,,Completed,35,35,35,"Lakewood/Orange | Gold Package - 3x a Week - 6 Month Contract (Grand Opening)","Lakewood/Orange | Gold Package - 3x a Week - 6 Month Contract (Grand Opening)","Lakewood Tax - Memberships",0,35,0,0,0,,users,40754,carts,34805,partners,41395,order_lines,21464,partners,1,,users,40754
orders,21403,,USD,2024-06-29T14:23:49.351520Z,0,0,0,,,,1,Lakewood,25,2WJF-X2UY-55O5,"Visa ending in 8920",25,USD,2024-06-29T14:23:49.528835Z,0,0,0,,Completed,25,25,25,"Lakewood/Orange | Starter Package - 1x a Week - 6 Month Contract","Lakewood/Orange | Starter Package - 1x a Week - 6 Month Contract","Lakewood Tax - Memberships",0,25,0,0,0,,users,40348,carts,34804,partners,41395,order_lines,21463,partners,1,,users,40348
orders,21402,,USD,2024-06-29T14:23:49.340009Z,0,0,0,,,,1,Lakewood,35,EGJU-EDGR-55O5,"Visa ending in 3340",35,USD,2024-06-29T14:23:49.541259Z,0,0,0,,Completed,35,35,35,"Lakewood | Club Package - 2x a Week - 6 Month Contract","Lakewood | Club Package - 2x a Week - 6 Month Contract","Lakewood Tax - Memberships",0,35,0,0,0,,users,40592,carts,34803,partners,41395,order_lines,21462,partners,1,,users,40592
orders,21401,,USD,2024-06-29T14:23:49.125521Z,0,0,0,,,,1,Lakewood,40,2Q6J-6KCV-55O5,"Visa ending in 4823",40,USD,2024-06-29T14:23:49.289629Z,0,0,0,,Completed,40,40,40,"Lakewood/Orange | VIP Unlimited - 6 Month Contract (Grand Opening)","Lakewood/Orange | VIP Unlimited - 6 Month Contract (Grand Opening)","Lakewood Tax - Memberships",0,40,0,0,0,,users,40377,carts,34801,partners,41395,order_lines,21461,partners,1,,users,40377
orders,21400,,USD,2024-06-29T14:23:49.094439Z,0,0,0,,,,1,Torrance,45,GZM2-F5HC-55O5,"American Express ending in 3000",45,USD,2024-06-29T14:23:49.191925Z,0,0,0,,Completed,45,45,45,"Torrance | Gold Package - 3x a Week - 6 Month Contract","Torrance | Gold Package - 3x a Week - 6 Month Contract","Torrance Tax - Memberships",0,45,0,0,0,,users,40422,carts,34802,partners,41362,order_lines,21460,partners,1,,users,40422
orders,21399,,USD,2024-06-29T14:23:47.870479Z,0,0,0,,,,1,Lakewood,40,8ZMZ-BYC2-55O5,"Visa ending in 3857",40,USD,2024-06-29T14:23:48.764018Z,0,0,0,,Completed,40,40,40,"Lakewood | Gold Package - 3x a Week - 6 Month Contract","Lakewood | Gold Package - 3x a Week - 6 Month Contract","Lakewood Tax - Memberships",0,40,0,0,0,,users,40335,carts,34800,partners,41395,order_lines,21458,partners,1,,users,40335
orders,21398,,USD,2024-06-29T14:23:47.862849Z,0,0,0,,,,1,Lakewood,35,937P-KFUC-55O5,"Visa ending in 9191",35,USD,2024-06-29T14:23:48.783294Z,0,0,0,,Completed,35,35,35,"Lakewood/Orange | Gold Package - 3x a Week - 6 Month Contract (Grand Opening)","Lakewood/Orange | Gold Package - 3x a Week - 6 Month Contract (Grand Opening)","Lakewood Tax - Memberships",0,35,0,0,0,,users,40252,carts,34799,partners,41395,order_lines,21459,partners,1,,users,40252
orders,21397,,USD,2024-06-29T14:23:47.809244Z,0,0,0,,,,1,Lakewood,35,FFAB-9PWY-55O5,"Visa ending in 1601",35,USD,2024-06-29T14:23:48.808946Z,0,0,0,,Completed,35,35,35,"Lakewood/Orange | Gold Package - 3x a Week - 6 Month Contract (Grand Opening)","Lakewood/Orange | Gold Package - 3x a Week - 6 Month Contract (Grand Opening)","Lakewood Tax - Memberships",0,35,0,0,0,,users,39986,carts,34797,partners,41395,order_lines,21457,partners,1,,users,39986
orders,21396,,USD,2024-06-29T14:23:47.662598Z,0,0,0,,,,1,Lakewood,35,Q5MJ-4MM4-55O5,"Visa ending in 4320",35,USD,2024-06-29T14:23:47.815156Z,0,0,0,,Completed,35,35,35,"Lakewood/Orange | Gold Package - 3x a Week - 6 Month Contract (Grand Opening)","Lakewood/Orange | Gold Package - 3x a Week - 6 Month Contract (Grand Opening)","Lakewood Tax - Memberships",0,35,0,0,0,,users,40243,carts,34798,partners,41395,order_lines,21456,partners,1,,users,40243
orders,21395,,USD,2024-06-29T14:23:47.500382Z,0,0,0,,,,1,Torrance,40,8GWC-UTZJ-55O5,"Visa ending in 4969",40,USD,2024-06-29T14:23:47.693491Z,0,0,0,,Completed,40,40,40,"Torrance | Gold Package - 3x a Week - 6 Month Contract","Torrance | Gold Package - 3x a Week - 6 Month Contract","Torrance Tax - Memberships",0,40,0,0,0,,users,40080,carts,34793,partners,41362,order_lines,21455,partners,1,,users,40080
orders,21393,,USD,2024-06-29T14:23:47.468464Z,0,0,0,,,,1,Torrance,160,EWSJ-JW79-55O5,"Mastercard ending in 5773",160,USD,2024-06-29T14:23:47.591944Z,0,0,0,,Completed,160,160,160,"Torrance | Redondo Beach VIP Unlimited","Torrance | Redondo Beach VIP Unlimited","Torrance Tax - Memberships",0,160,0,0,0,,users,39008,carts,34795,partners,41362,order_lines,21453,partners,1,,users,39008
orders,21394,,USD,2024-06-29T14:23:47.467877Z,0,0,0,,,,1,Lakewood,35,B9GZ-5MVG-55O5,"Visa ending in 1702",35,USD,2024-06-29T14:23:47.655023Z,0,0,0,,Completed,35,35,35,"Lakewood/Orange | Gold Package - 3x a Week - 6 Month Contract (Grand Opening)","Lakewood/Orange | Gold Package - 3x a Week - 6 Month Contract (Grand Opening)","Lakewood Tax - Memberships",0,35,0,0,0,,users,39740,carts,34794,partners,41395,order_lines,21454,partners,1,,users,39740
orders,21392,,USD,2024-06-29T14:23:47.372329Z,0,0,0,,,,1,Torrance,37,87CJ-UDYX-55O5,"Visa ending in 4339",37,USD,2024-06-29T14:23:47.485068Z,0,0,0,,Completed,37,37,37,"Torrance | Club Package - 6 Month Contract","Torrance | Club Package - 6 Month Contract","Torrance Tax - Memberships",0,37,0,0,0,,users,39725,carts,34791,partners,41362,order_lines,21452,partners,1,,users,39725
orders,21391,,USD,2024-06-29T14:23:47.333204Z,0,0,0,,,,1,Torrance,160,8Q5S-EMBQ-55O5,"Visa ending in 5600",160,USD,2024-06-29T14:23:47.589661Z,0,0,0,,Completed,160,160,160,"Torrance | Redondo Beach VIP Unlimited","Torrance | Redondo Beach VIP Unlimited","Torrance Tax - Memberships",0,160,0,0,0,,users,39086,carts,34790,partners,41362,order_lines,21451,partners,1,,users,39086
orders,21390,,USD,2024-06-29T14:23:47.311901Z,0,0,0,,,,1,Lakewood,35,FFWH-39X4-55O5,"Visa ending in 8552",35,USD,2024-06-29T14:23:47.445721Z,0,0,0,,Completed,35,35,35,"Lakewood/Orange | Gold Package - 3x a Week - 6 Month Contract (Grand Opening)","Lakewood/Orange | Gold Package - 3x a Week - 6 Month Contract (Grand Opening)","Lakewood Tax - Memberships",0,35,0,0,0,,users,39985,carts,34796,partners,41395,order_lines,21450,partners,1,,users,39985
orders,21389,,USD,2024-06-29T14:23:47.114045Z,0,0,0,,,,1,Lakewood,35,A8KX-FPF5-55O5,"Visa ending in 8289",35,USD,2024-06-29T14:23:47.311280Z,0,0,0,,Completed,35,35,35,"L1. Pre-Opening VIP Unlimited Membership - Lakewood","L1. Pre-Opening VIP Unlimited Membership - Lakewood","Lakewood Tax - Memberships",0,35,0,0,0,,users,39820,carts,34792,partners,41395,order_lines,21449,partners,1,,users,39820
orders,21388,,USD,2024-06-29T14:23:46.967624Z,0,0,0,,,,1,Lakewood,35,SV3U-KAZH-55O5,"Visa ending in 8501",35,USD,2024-06-29T14:23:47.130608Z,0,0,0,,Completed,35,35,35,"L1. Pre-Opening VIP Unlimited Membership - Lakewood","L1. Pre-Opening VIP Unlimited Membership - Lakewood","Lakewood Tax - Memberships",0,35,0,0,0,,users,39336,carts,34789,partners,41395,order_lines,21448,partners,1,,users,39336
orders,21387,,USD,2024-06-29T14:23:46.779133Z,0,0,0,,,,1,Torrance,45,6V46-R334-55O5,"Visa ending in 3154",45,USD,2024-06-29T14:23:46.916149Z,0,0,0,,Completed,45,45,45,"Torrance | Gold Package - 3x a Week - 6 Month Contract","Torrance | Gold Package - 3x a Week - 6 Month Contract","Torrance Tax - Memberships",0,45,0,0,0,,users,37468,carts,34788,partners,41362,order_lines,21447,partners,1,,users,37468
orders,21386,,USD,2024-06-29T03:10:46.859899Z,0,0,0,,,,1,Torrance,15,CY5F-99QQ-55O5,"Visa ending in 3152",15,USD,2024-06-29T03:10:47.019255Z,0,0,0,,Completed,15,15,15,"No Show Fee","No Show Fee","Torrance Tax - Penalty Fees",0,15,0,0,0,,users,35068,carts,34761,partners,41362,order_lines,21446,partners,1,,users,35068
orders,21385,,USD,2024-06-29T01:03:10.034671Z,0,0,0,,,,1,Orange,4,RDAS-EZR5-55O5,"Mastercard ending in 4634",4,USD,2024-06-29T01:03:10.208114Z,0,0,0,,Completed,4,4,4,"Torrance/Lakewood/Orange | July 4, 2024 - 1 Week Trial for $4","Torrance/Lakewood/Orange | July 4, 2024 - 1 Week Trial for $4","Orange Tax - Memberships",0,4,0,0,0,,users,41095,carts,34754,partners,41430,order_lines,21445,partners,1,,users,41095
orders,21384,,USD,2024-06-29T00:46:50.814129Z,0,0,0,,,,1,Orange,4,Z8MS-WUHT-55O5,"Visa ending in 3214",4,USD,2024-06-29T00:46:50.942601Z,0,0,0,,Completed,4,4,4,"Torrance/Lakewood/Orange | July 4, 2024 - 1 Week Trial for $4","Torrance/Lakewood/Orange | July 4, 2024 - 1 Week Trial for $4","Orange Tax - Memberships",0,4,0,0,0,,users,41093,carts,34752,partners,41430,order_lines,21444,partners,1,,users,41093
orders,21383,,USD,2024-06-29T00:46:47.315884Z,0,0,0,,,,1,Orange,4,8E86-BSFY-55O5,"Mastercard ending in 3031",4,USD,2024-06-29T00:46:47.516601Z,0,0,0,,Completed,4,4,4,"Torrance/Lakewood/Orange | July 4, 2024 - 1 Week Trial for $4","Torrance/Lakewood/Orange | July 4, 2024 - 1 Week Trial for $4","Orange Tax - Memberships",0,4,0,0,0,,users,41092,carts,34751,partners,41430,order_lines,21443,partners,1,,users,41092
orders,21382,,USD,2024-06-29T00:09:21.409253Z,0,0,0,,,,1,Torrance,4,T5D8-W2S8-55O5,"Visa ending in 4673",4,USD,2024-06-29T00:09:21.496744Z,0,0,0,,Completed,4,4,4,"Torrance/Lakewood/Orange | July 4, 2024 - 1 Week Trial for $4","Torrance/Lakewood/Orange | July 4, 2024 - 1 Week Trial for $4","Torrance Tax - Memberships",0,4,0,0,0,,users,41091,carts,34748,partners,41362,order_lines,21442,partners,1,,users,41091
orders,21381,,USD,2024-06-28T21:46:42.141225Z,0,0,0,,,,1,Orange,10,32Z5-V23B-55O4,"Visa ending in 2209",10,USD,2024-06-28T21:46:42.298775Z,0,0,0,,Completed,10,10,10,"Torrance/Lakewood/Orange | 1 Week Trial for $10","Torrance/Lakewood/Orange | 1 Week Trial for $10","Orange Tax - Memberships",0,10,0,0,0,,users,40852,carts,34309,partners,41430,order_lines,21441,partners,1,,users,40852
orders,21380,,USD,2024-06-28T20:52:31.878589Z,0,0,0,,,,1,Torrance,160,RWTM-HUCB-55O4,"Visa ending in 5409",160,USD,2024-06-28T20:52:32.001568Z,0,0,0,,Completed,160,160,160,"D1. VIP Unlimited - M2M","D1. VIP Unlimited - M2M","Torrance Tax - Memberships",0,160,0,0,0,,users,35171,carts,34738,partners,41362,order_lines,21440,partners,1,,users,35171
orders,21379,,USD,2024-06-28T20:52:31.407306Z,0,0,0,,,,1,Torrance,149,UNYT-UVGN-55O4,"Visa ending in 5481",149,USD,2024-06-28T20:52:31.547881Z,0,0,0,,Completed,149,149,149,"C5. VIP Unlimited Membership - 12 Month Contract","C5. VIP Unlimited Membership - 12 Month Contract","Torrance Tax - Memberships",0,149,0,0,0,,users,35116,carts,34737,partners,41362,order_lines,21439,partners,1,,users,35116
orders,21378,,USD,2024-06-28T20:52:31.261211Z,0,0,0,,,,1,Torrance,160,57KR-QTWA-55O4,"Visa ending in 9332",160,USD,2024-06-28T20:52:31.459955Z,0,0,0,,Completed,160,160,160,"D1. VIP Unlimited - M2M","D1. VIP Unlimited - M2M","Torrance Tax - Memberships",0,160,0,0,0,,users,34721,carts,34736,partners,41362,order_lines,21438,partners,1,,users,34721
orders,21377,,USD,2024-06-28T20:52:31.201878Z,0,0,0,,,,1,Torrance,160,AFFV-WY7K-55O4,"Visa ending in 9190",160,USD,2024-06-28T20:52:31.381258Z,0,0,0,,Completed,160,160,160,"D3. VIP Unlimited - M2M (Grand Opening)","D3. VIP Unlimited - M2M (Grand Opening)","Torrance Tax - Memberships",0,160,0,0,0,,users,34949,carts,34733,partners,41362,order_lines,21437,partners,1,,users,34949
orders,21376,,USD,2024-06-28T20:52:31.185326Z,0,0,0,,,,1,Torrance,25,CH8J-5EUU-55O4,"Visa ending in 7901",25,USD,2024-06-28T20:52:31.351722Z,0,0,0,,Completed,25,25,25,"S1. 2023 Anniversary Special - Starter Package","S1. 2023 Anniversary Special - Starter Package","Torrance Tax - Memberships",0,25,0,0,0,,users,38892,carts,34732,partners,41362,order_lines,21436,partners,1,,users,38892
orders,21375,,USD,2024-06-28T20:52:31.053645Z,0,0,0,,,,1,Torrance,120,DFBW-3MPR-55O4,"Mastercard ending in 7422",120,USD,2024-06-28T20:52:31.237092Z,0,0,0,,Completed,120,120,120,"D2. Club Package - M2M","D2. Club Package - M2M","Torrance Tax - Memberships",0,120,0,0,0,,users,34737,carts,34735,partners,41362,order_lines,21435,partners,1,,users,34737
orders,21374,,USD,2024-06-28T20:52:30.982738Z,0,0,0,,,,1,Torrance,37,DZM2-TW8D-55O4,"Visa ending in 3672",37,USD,2024-06-28T20:52:31.100570Z,0,0,0,,Completed,37,37,37,"Torrance | Club Package - 6 Month Contract","Torrance | Club Package - 6 Month Contract","Torrance Tax - Memberships",0,37,0,0,0,,users,38847,carts,34734,partners,41362,order_lines,21434,partners,1,,users,38847
orders,21373,,USD,2024-06-28T20:52:30.902633Z,0,0,0,,,,1,Torrance,25,YMJV-3QR9-55O4,"Visa ending in 7901",25,USD,2024-06-28T20:52:31.065852Z,0,0,0,,Completed,25,25,25,"S1. 2023 Anniversary Special - Starter Package","S1. 2023 Anniversary Special - Starter Package","Torrance Tax - Memberships",0,25,0,0,0,,users,38885,carts,34731,partners,41362,order_lines,21433,partners,1,,users,38885
orders,21372,,USD,2024-06-28T20:52:30.330700Z,0,0,0,,,,1,Torrance,25,TA89-EEUR-55O4,"Visa ending in 1121",25,USD,2024-06-28T20:52:30.494206Z,0,0,0,,Completed,25,25,25,"S1. 2023 Anniversary Special - Starter Package","S1. 2023 Anniversary Special - Starter Package","Torrance Tax - Memberships",0,25,0,0,0,,users,38812,carts,34730,partners,41362,order_lines,21432,partners,1,,users,38812
orders,21371,,USD,2024-06-28T20:52:30.025176Z,0,0,0,,,,1,Lakewood,35,YEN6-SJCW-55O4,"Visa ending in 8080",35,USD,2024-06-28T20:52:30.277830Z,0,0,0,,Completed,35,35,35,"L1. Pre-Opening VIP Unlimited Membership - Lakewood","L1. Pre-Opening VIP Unlimited Membership - Lakewood","Lakewood Tax - Memberships",0,35,0,0,0,,users,39098,carts,34728,partners,41395,order_lines,21431,partners,1,,users,39098
orders,21370,,USD,2024-06-28T20:52:29.932228Z,0,0,0,,,,1,Lakewood,35,6GTA-9DW5-55O4,"Visa ending in 2266",35,USD,2024-06-28T20:52:30.158485Z,0,0,0,,Completed,35,35,35,"L1. Pre-Opening VIP Unlimited Membership - Lakewood","L1. Pre-Opening VIP Unlimited Membership - Lakewood","Lakewood Tax - Memberships",0,35,0,0,0,,users,39081,carts,34729,partners,41395,order_lines,21430,partners,1,,users,39081
orders,21369,,USD,2024-06-28T20:52:29.828993Z,0,0,0,,,,1,Lakewood,35,PW7U-38QG-55O4,"Visa ending in 0492",35,USD,2024-06-28T20:52:29.911874Z,0,0,0,,Completed,35,35,35,"L1. Pre-Opening VIP Unlimited Membership - Lakewood","L1. Pre-Opening VIP Unlimited Membership - Lakewood","Lakewood Tax - Memberships",0,35,0,0,0,,users,39089,carts,34727,partners,41395,order_lines,21429,partners,1,,users,39089
orders,21368,,USD,2024-06-28T20:52:28.781091Z,0,0,0,,,,1,Lakewood,35,7MVP-FSKX-55O4,"Visa ending in 6215",35,USD,2024-06-28T20:52:29.682729Z,0,0,0,,Completed,35,35,35,"L1. Pre-Opening VIP Unlimited Membership - Lakewood","L1. Pre-Opening VIP Unlimited Membership - Lakewood","Lakewood Tax - Memberships",0,35,0,0,0,,users,39118,carts,34724,partners,41395,order_lines,21428,partners,1,,users,39118
orders,21367,,USD,2024-06-28T20:52:28.674151Z,0,0,0,,,,1,Lakewood,35,AJCU-5HYJ-55O4,"Visa ending in 3855",35,USD,2024-06-28T20:52:28.768786Z,0,0,0,,Completed,35,35,35,"L1. Pre-Opening VIP Unlimited Membership - Lakewood","L1. Pre-Opening VIP Unlimited Membership - Lakewood","Lakewood Tax - Memberships",0,35,0,0,0,,users,39116,carts,34726,partners,41395,order_lines,21426,partners,1,,users,39116
orders,21366,,USD,2024-06-28T20:52:28.667162Z,0,0,0,,,,1,Lakewood,35,RVE7-KKXB-55O4,"Visa ending in 3528",35,USD,2024-06-28T20:52:29.540633Z,0,0,0,,Completed,35,35,35,"L1. Pre-Opening VIP Unlimited Membership - Lakewood","L1. Pre-Opening VIP Unlimited Membership - Lakewood","Lakewood Tax - Memberships",0,35,0,0,0,,users,39106,carts,34725,partners,41395,order_lines,21427,partners,1,,users,39106
orders,21365,,USD,2024-06-28T20:52:28.211025Z,0,0,0,,,,1,Lakewood,35,HZYX-7K53-55O4,"Visa ending in 8289",35,USD,2024-06-28T20:52:28.297066Z,0,0,0,,Completed,35,35,35,"L1. Pre-Opening VIP Unlimited Membership - Lakewood","L1. Pre-Opening VIP Unlimited Membership - Lakewood","Lakewood Tax - Memberships",0,35,0,0,0,,users,39126,carts,34723,partners,41395,order_lines,21425,partners,1,,users,39126
orders,21364,,USD,2024-06-28T20:52:28.015025Z,0,0,0,,,,1,Lakewood,35,YA58-U7DN-55O4,"Visa ending in 7943",35,USD,2024-06-28T20:52:28.150206Z,0,0,0,,Completed,35,35,35,"L1. Pre-Opening VIP Unlimited Membership - Lakewood","L1. Pre-Opening VIP Unlimited Membership - Lakewood","Lakewood Tax - Memberships",0,35,0,0,0,,users,39139,carts,34722,partners,41395,order_lines,21423,partners,1,,users,39139
orders,21363,,USD,2024-06-28T20:52:27.998701Z,0,0,0,,,,1,Lakewood,35,PVFZ-5JKZ-55O4,"Visa ending in 1577",35,USD,2024-06-28T20:52:28.181183Z,0,0,0,,Completed,35,35,35,"L1. Pre-Opening VIP Unlimited Membership - Lakewood","L1. Pre-Opening VIP Unlimited Membership - Lakewood","Lakewood Tax - Memberships",0,35,0,0,0,,users,39146,carts,34720,partners,41395,order_lines,21424,partners,1,,users,39146
orders,21362,,USD,2024-06-28T20:52:27.970155Z,0,0,0,,,,1,Lakewood,35,FU2U-797A-55O4,"Visa ending in 0248",35,USD,2024-06-28T20:52:28.163074Z,0,0,0,,Completed,35,35,35,"L1. Pre-Opening VIP Unlimited Membership - Lakewood","L1. Pre-Opening VIP Unlimited Membership - Lakewood","Lakewood Tax - Memberships",0,35,0,0,0,,users,39143,carts,34721,partners,41395,order_lines,21422,partners,1,,users,39143
orders,21361,,USD,2024-06-28T20:52:27.907110Z,0,0,0,,,,1,Lakewood,35,6PA9-H82K-55O4,"Visa ending in 6382",35,USD,2024-06-28T20:52:28.035833Z,0,0,0,,Completed,35,35,35,"L1. Pre-Opening VIP Unlimited Membership - Lakewood","L1. Pre-Opening VIP Unlimited Membership - Lakewood","Lakewood Tax - Memberships",0,35,0,0,0,,users,39159,carts,34719,partners,41395,order_lines,21421,partners,1,,users,39159
orders,21360,,USD,2024-06-28T20:52:27.745269Z,0,0,0,,,,1,Lakewood,35,5N9G-FB4Q-55O4,"Mastercard ending in 3300",35,USD,2024-06-28T20:52:27.839793Z,0,0,0,,Completed,35,35,35,"L1. Pre-Opening VIP Unlimited Membership - Lakewood","L1. Pre-Opening VIP Unlimited Membership - Lakewood","Lakewood Tax - Memberships",0,35,0,0,0,,users,39145,carts,34718,partners,41395,order_lines,21420,partners,1,,users,39145
orders,21359,,USD,2024-06-28T20:52:27.687878Z,0,0,0,,,,1,Lakewood,35,G9JZ-PHPZ-55O4,"Visa ending in 8040",35,USD,2024-06-28T20:52:27.872622Z,0,0,0,,Completed,35,35,35,"L1. Pre-Opening VIP Unlimited Membership - Lakewood","L1. Pre-Opening VIP Unlimited Membership - Lakewood","Lakewood Tax - Memberships",0,35,0,0,0,,users,39170,carts,34715,partners,41395,order_lines,21419,partners,1,,users,39170
orders,21358,,USD,2024-06-28T20:52:27.660991Z,0,0,0,,,,1,Lakewood,35,7TFR-T7ZZ-55O4,"Visa ending in 8040",35,USD,2024-06-28T20:52:27.816666Z,0,0,0,,Completed,35,35,35,"L1. Pre-Opening VIP Unlimited Membership - Lakewood","L1. Pre-Opening VIP Unlimited Membership - Lakewood","Lakewood Tax - Memberships",0,35,0,0,0,,users,39171,carts,34716,partners,41395,order_lines,21418,partners,1,,users,39171
orders,21357,,USD,2024-06-28T20:52:27.573537Z,0,0,0,,,,1,Lakewood,35,H5H6-XJKJ-55O4,"Visa ending in 8096",35,USD,2024-06-28T20:52:27.665466Z,0,0,0,,Completed,35,35,35,"L1. Pre-Opening VIP Unlimited Membership - Lakewood","L1. Pre-Opening VIP Unlimited Membership - Lakewood","Lakewood Tax - Memberships",0,35,0,0,0,,users,39166,carts,34717,partners,41395,order_lines,21417,partners,1,,users,39166
orders,21356,,USD,2024-06-28T20:52:27.508989Z,0,0,0,,,,1,Lakewood,35,3S6H-FFCE-55O4,"Visa ending in 1785",35,USD,2024-06-28T20:52:27.654725Z,0,0,0,,Completed,35,35,35,"L1. Pre-Opening VIP Unlimited Membership - Lakewood","L1. Pre-Opening VIP Unlimited Membership - Lakewood","Lakewood Tax - Memberships",0,35,0,0,0,,users,39203,carts,34714,partners,41395,order_lines,21416,partners,1,,users,39203
orders,21355,,USD,2024-06-28T20:52:27.474075Z,0,0,0,,,,1,Lakewood,35,NXFU-EVUB-55O4,"Visa ending in 2880",35,USD,2024-06-28T20:52:27.575542Z,0,0,0,,Completed,35,35,35,"L1. Pre-Opening VIP Unlimited Membership - Lakewood","L1. Pre-Opening VIP Unlimited Membership - Lakewood","Lakewood Tax - Memberships",0,35,0,0,0,,users,39211,carts,34713,partners,41395,order_lines,21415,partners,1,,users,39211
orders,21354,,USD,2024-06-28T20:52:27.426820Z,0,0,0,,,,1,Lakewood,35,D3PZ-BN9C-55O4,"American Express ending in 2003",35,USD,2024-06-28T20:52:27.537383Z,0,0,0,,Completed,35,35,35,"L1. Pre-Opening VIP Unlimited Membership - Lakewood","L1. Pre-Opening VIP Unlimited Membership - Lakewood","Lakewood Tax - Memberships",0,35,0,0,0,,users,39253,carts,34711,partners,41395,order_lines,21414,partners,1,,users,39253
orders,21353,,USD,2024-06-28T20:52:27.324843Z,0,0,0,,,,1,Lakewood,35,5JP9-STHH-55O4,"Visa ending in 3367",35,USD,2024-06-28T20:52:27.418480Z,0,0,0,,Completed,35,35,35,"L1. Pre-Opening VIP Unlimited Membership - Lakewood","L1. Pre-Opening VIP Unlimited Membership - Lakewood","Lakewood Tax - Memberships",0,35,0,0,0,,users,39227,carts,34712,partners,41395,order_lines,21413,partners,1,,users,39227
orders,21352,,USD,2024-06-28T20:52:27.117819Z,0,0,0,,,,1,Lakewood,35,RYGK-822N-55O4,"Visa ending in 4752",35,USD,2024-06-28T20:52:27.307114Z,0,0,0,,Completed,35,35,35,"L1. Pre-Opening VIP Unlimited Membership - Lakewood","L1. Pre-Opening VIP Unlimited Membership - Lakewood","Lakewood Tax - Memberships",0,35,0,0,0,,users,39262,carts,34710,partners,41395,order_lines,21412,partners,1,,users,39262
orders,21351,,USD,2024-06-28T20:52:26.793906Z,0,0,0,,,,1,Lakewood,35,5CT3-W2Q7-55O4,"Visa ending in 1518",35,USD,2024-06-28T20:52:26.955686Z,0,0,0,,Completed,35,35,35,"L1. Pre-Opening VIP Unlimited Membership - Lakewood","L1. Pre-Opening VIP Unlimited Membership - Lakewood","Lakewood Tax - Memberships",0,35,0,0,0,,users,39267,carts,34709,partners,41395,order_lines,21411,partners,1,,users,39267
orders,21350,,USD,2024-06-28T20:52:26.240638Z,0,0,0,,,,1,Lakewood,35,QRR5-EWGY-55O4,"Visa ending in 6973",35,USD,2024-06-28T20:52:26.379741Z,0,0,0,,Completed,35,35,35,"L1. Pre-Opening VIP Unlimited Membership - Lakewood","L1. Pre-Opening VIP Unlimited Membership - Lakewood","Lakewood Tax - Memberships",0,35,0,0,0,,users,39273,carts,34708,partners,41395,order_lines,21410,partners,1,,users,39273
orders,21349,,USD,2024-06-28T20:52:25.302030Z,0,0,0,,,,1,Lakewood,35,J7SH-SHT6-55O4,"American Express ending in 4002",35,USD,2024-06-28T20:52:25.437999Z,0,0,0,,Completed,35,35,35,"L1. Pre-Opening VIP Unlimited Membership - Lakewood","L1. Pre-Opening VIP Unlimited Membership - Lakewood","Lakewood Tax - Memberships",0,35,0,0,0,,users,39212,carts,34707,partners,41395,order_lines,21409,partners,1,,users,39212
orders,21348,,USD,2024-06-28T20:52:25.197768Z,0,0,0,,,,1,Lakewood,35,DRPD-QXHJ-55O4,"Visa ending in 9398",35,USD,2024-06-28T20:52:25.377056Z,0,0,0,,Completed,35,35,35,"L1. Pre-Opening VIP Unlimited Membership - Lakewood","L1. Pre-Opening VIP Unlimited Membership - Lakewood","Lakewood Tax - Memberships",0,35,0,0,0,,users,39282,carts,34705,partners,41395,order_lines,21408,partners,1,,users,39282
orders,21347,,USD,2024-06-28T20:52:25.053857Z,0,0,0,,,,1,Lakewood,35,8XGN-GK3Z-55O4,"Visa ending in 5098",35,USD,2024-06-28T20:52:25.203454Z,0,0,0,,Completed,35,35,35,"L1. Pre-Opening VIP Unlimited Membership - Lakewood","L1. Pre-Opening VIP Unlimited Membership - Lakewood","Lakewood Tax - Memberships",0,35,0,0,0,,users,39223,carts,34706,partners,41395,order_lines,21407,partners,1,,users,39223
orders,21346,,USD,2024-06-28T20:52:25.009739Z,0,0,0,,,,1,Lakewood,35,WYM5-MDGV-55O4,"Discover ending in 2758",35,USD,2024-06-28T20:52:25.193115Z,0,0,0,,Completed,35,35,35,"L1. Pre-Opening VIP Unlimited Membership - Lakewood","L1. Pre-Opening VIP Unlimited Membership - Lakewood","Lakewood Tax - Memberships",0,35,0,0,0,,users,39325,carts,34700,partners,41395,order_lines,21406,partners,1,,users,39325
orders,21345,,USD,2024-06-28T20:52:24.997468Z,0,0,0,,,,1,Lakewood,35,Q7US-4QWH-55O4,"Visa ending in 7091",35,USD,2024-06-28T20:52:25.164380Z,0,0,0,,Completed,35,35,35,"L1. Pre-Opening VIP Unlimited Membership - Lakewood","L1. Pre-Opening VIP Unlimited Membership - Lakewood","Lakewood Tax - Memberships",0,35,0,0,0,,users,39294,carts,34704,partners,41395,order_lines,21405,partners,1,,users,39294
orders,21343,,USD,2024-06-28T20:52:24.759382Z,0,0,0,,,,1,Lakewood,35,EG8U-NWVF-55O4,"Visa ending in 9849",35,USD,2024-06-28T20:52:24.874940Z,0,0,0,,Completed,35,35,35,"L1. Pre-Opening VIP Unlimited Membership - Lakewood","L1. Pre-Opening VIP Unlimited Membership - Lakewood","Lakewood Tax - Memberships",0,35,0,0,0,,users,39324,carts,34701,partners,41395,order_lines,21404,partners,1,,users,39324
orders,21342,,USD,2024-06-28T20:52:24.647323Z,0,0,0,,,,1,Lakewood,35,6ARH-D4GS-55O4,"Visa ending in 3213",35,USD,2024-06-28T20:52:24.739830Z,0,0,0,,Completed,35,35,35,"L1. Pre-Opening VIP Unlimited Membership - Lakewood","L1. Pre-Opening VIP Unlimited Membership - Lakewood","Lakewood Tax - Memberships",0,35,0,0,0,,users,35264,carts,34702,partners,41395,order_lines,21402,partners,1,,users,35264
orders,21341,,USD,2024-06-28T20:52:24.409769Z,0,0,0,,,,1,Lakewood,35,KW6P-Q6EU-55O4,"Visa ending in 7445",35,USD,2024-06-28T20:52:24.512473Z,0,0,0,,Completed,35,35,35,"L1. Pre-Opening VIP Unlimited Membership - Lakewood","L1. Pre-Opening VIP Unlimited Membership - Lakewood","Lakewood Tax - Memberships",0,35,0,0,0,,users,39330,carts,34699,partners,41395,order_lines,21401,partners,1,,users,39330
orders,21340,,USD,2024-06-28T20:52:24.224272Z,0,0,0,,,,1,Lakewood,35,VAZH-W8YA-55O4,"Visa ending in 8514",35,USD,2024-06-28T20:52:24.373316Z,0,0,0,,Completed,35,35,35,"L1. Pre-Opening VIP Unlimited Membership - Lakewood","L1. Pre-Opening VIP Unlimited Membership - Lakewood","Lakewood Tax - Memberships",0,35,0,0,0,,users,39359,carts,34698,partners,41395,order_lines,21400,partners,1,,users,39359
orders,21339,,USD,2024-06-28T20:52:24.110521Z,0,0,0,,,,1,Lakewood,35,VAPR-JS79-55O4,"Mastercard ending in 3696",35,USD,2024-06-28T20:52:24.265438Z,0,0,0,,Completed,35,35,35,"L1. Pre-Opening VIP Unlimited Membership - Lakewood","L1. Pre-Opening VIP Unlimited Membership - Lakewood","Lakewood Tax - Memberships",0,35,0,0,0,,users,39344,carts,34697,partners,41395,order_lines,21399,partners,1,,users,39344
orders,21338,,USD,2024-06-28T20:52:24.060228Z,0,0,0,,,,1,Lakewood,35,VY2H-WG3M-55O4,"Visa ending in 8477",35,USD,2024-06-28T20:52:24.175288Z,0,0,0,,Completed,35,35,35,"L1. Pre-Opening VIP Unlimited Membership - Lakewood","L1. Pre-Opening VIP Unlimited Membership - Lakewood","Lakewood Tax - Memberships",0,35,0,0,0,,users,39356,carts,34696,partners,41395,order_lines,21398,partners,1,,users,39356
orders,21337,,USD,2024-06-28T20:52:23.532379Z,0,0,0,,,,1,Lakewood,35,X9K4-3YSY-55O4,"Visa ending in 3101",35,USD,2024-06-28T20:52:23.654797Z,0,0,0,,Completed,35,35,35,"L1. Pre-Opening VIP Unlimited Membership - Lakewood","L1. Pre-Opening VIP Unlimited Membership - Lakewood","Lakewood Tax - Memberships",0,35,0,0,0,,users,39364,carts,34695,partners,41395,order_lines,21397,partners,1,,users,39364
orders,21336,,USD,2024-06-28T20:52:23.275582Z,0,0,0,,,,1,Lakewood,35,5X2W-6Q39-55O4,"Visa ending in 4914",35,USD,2024-06-28T20:52:23.384998Z,0,0,0,,Completed,35,35,35,"L1. Pre-Opening VIP Unlimited Membership - Lakewood","L1. Pre-Opening VIP Unlimited Membership - Lakewood","Lakewood Tax - Memberships",0,35,0,0,0,,users,39370,carts,34693,partners,41395,order_lines,21396,partners,1,,users,39370
orders,21335,,USD,2024-06-28T20:52:23.250158Z,0,0,0,,,,1,Lakewood,35,V8JF-6SX5-55O4,"Discover ending in 6474",35,USD,2024-06-28T20:52:23.362734Z,0,0,0,,Completed,35,35,35,"L1. Pre-Opening VIP Unlimited Membership - Lakewood","L1. Pre-Opening VIP Unlimited Membership - Lakewood","Lakewood Tax - Memberships",0,35,0,0,0,,users,39371,carts,34694,partners,41395,order_lines,21395,partners,1,,users,39371
orders,21334,,USD,2024-06-28T20:52:22.947050Z,0,0,0,,,,1,Lakewood,35,PUJ4-5Z3H-55O4,"Visa ending in 3523",35,USD,2024-06-28T20:52:23.109884Z,0,0,0,,Completed,35,35,35,"L1. Pre-Opening VIP Unlimited Membership - Lakewood","L1. Pre-Opening VIP Unlimited Membership - Lakewood","Lakewood Tax - Memberships",0,35,0,0,0,,users,39406,carts,34690,partners,41395,order_lines,21394,partners,1,,users,39406
orders,21333,,USD,2024-06-28T20:52:22.939910Z,0,0,0,,,,1,Lakewood,35,GUAD-G7SC-55O4,"Visa ending in 0062",35,USD,2024-06-28T20:52:23.120423Z,0,0,0,,Completed,35,35,35,"L1. Pre-Opening VIP Unlimited Membership - Lakewood","L1. Pre-Opening VIP Unlimited Membership - Lakewood","Lakewood Tax - Memberships",0,35,0,0,0,,users,39392,carts,34691,partners,41395,order_lines,21393,partners,1,,users,39392
orders,21332,,USD,2024-06-28T20:52:22.137056Z,0,0,0,,,,1,Lakewood,35,AYKM-2MH9-55O4,"Mastercard ending in 0490",35,USD,2024-06-28T20:52:23.025395Z,0,0,0,,Completed,35,35,35,"L1. Pre-Opening VIP Unlimited Membership - Lakewood","L1. Pre-Opening VIP Unlimited Membership - Lakewood","Lakewood Tax - Memberships",0,35,0,0,0,,users,39387,carts,34692,partners,41395,order_lines,21392,partners,1,,users,39387
orders,21331,,USD,2024-06-28T20:52:21.973713Z,0,0,0,,,,1,Lakewood,35,6YMJ-D8U5-55O4,"Visa ending in 8689",35,USD,2024-06-28T20:52:22.886978Z,0,0,0,,Completed,35,35,35,"L1. Pre-Opening VIP Unlimited Membership - Lakewood","L1. Pre-Opening VIP Unlimited Membership - Lakewood","Lakewood Tax - Memberships",0,35,0,0,0,,users,39414,carts,34689,partners,41395,order_lines,21391,partners,1,,users,39414
orders,21330,,USD,2024-06-28T20:52:21.866077Z,0,0,0,,,,1,Lakewood,35,58F6-DY5M-55O4,"Visa ending in 7446",35,USD,2024-06-28T20:52:21.970326Z,0,0,0,,Completed,35,35,35,"L1. Pre-Opening VIP Unlimited Membership - Lakewood","L1. Pre-Opening VIP Unlimited Membership - Lakewood","Lakewood Tax - Memberships",0,35,0,0,0,,users,39418,carts,34688,partners,41395,order_lines,21390,partners,1,,users,39418
orders,21329,,USD,2024-06-28T20:52:21.729340Z,0,0,0,,,,1,Lakewood,35,KK9W-S3NG-55O4,"Visa ending in 3004",35,USD,2024-06-28T20:52:21.943711Z,0,0,0,,Completed,35,35,35,"L1. Pre-Opening VIP Unlimited Membership - Lakewood","L1. Pre-Opening VIP Unlimited Membership - Lakewood","Lakewood Tax - Memberships",0,35,0,0,0,,users,39420,carts,34687,partners,41395,order_lines,21389,partners,1,,users,39420
orders,21328,,USD,2024-06-28T20:52:21.553176Z,0,0,0,,,,1,Lakewood,35,QB3R-FNWT-55O4,"Visa ending in 5053",35,USD,2024-06-28T20:52:21.683267Z,0,0,0,,Completed,35,35,35,"L1. Pre-Opening VIP Unlimited Membership - Lakewood","L1. Pre-Opening VIP Unlimited Membership - Lakewood","Lakewood Tax - Memberships",0,35,0,0,0,,users,39421,carts,34686,partners,41395,order_lines,21388,partners,1,,users,39421
orders,21326,,USD,2024-06-28T20:52:21.430984Z,0,0,0,,,,1,Lakewood,35,ZDPU-M4RT-55O4,"Mastercard ending in 9875",35,USD,2024-06-28T20:52:21.536995Z,0,0,0,,Completed,35,35,35,"L1. Pre-Opening VIP Unlimited Membership - Lakewood","L1. Pre-Opening VIP Unlimited Membership - Lakewood","Lakewood Tax - Memberships",0,35,0,0,0,,users,39467,carts,34684,partners,41395,order_lines,21385,partners,1,,users,39467
orders,21327,,USD,2024-06-28T20:52:21.419935Z,0,0,0,,,,1,Lakewood,35,QSVV-KRAN-55O4,"Visa ending in 7884",35,USD,2024-06-28T20:52:21.611824Z,0,0,0,,Completed,35,35,35,"L1. Pre-Opening VIP Unlimited Membership - Lakewood","L1. Pre-Opening VIP Unlimited Membership - Lakewood","Lakewood Tax - Memberships",0,35,0,0,0,,users,39410,carts,34683,partners,41395,order_lines,21386,partners,1,,users,39410
orders,21324,,USD,2024-06-28T20:52:21.383160Z,0,0,0,,,,1,Lakewood,35,WANG-BNXM-55O4,"Visa ending in 2492",35,USD,2024-06-28T20:52:21.474679Z,0,0,0,,Completed,35,35,35,"L1. Pre-Opening VIP Unlimited Membership - Lakewood","L1. Pre-Opening VIP Unlimited Membership - Lakewood","Lakewood Tax - Memberships",0,35,0,0,0,,users,37667,carts,34685,partners,41395,order_lines,21384,partners,1,,users,37667
orders,21323,,USD,2024-06-28T20:52:21.250031Z,0,0,0,,,,1,Lakewood,35,9JUH-CQBU-55O4,"Visa ending in 9641",35,USD,2024-06-28T20:52:21.387220Z,0,0,0,,Completed,35,35,35,"L1. Pre-Opening VIP Unlimited Membership - Lakewood","L1. Pre-Opening VIP Unlimited Membership - Lakewood","Lakewood Tax - Memberships",0,35,0,0,0,,users,39484,carts,34680,partners,41395,order_lines,21383,partners,1,,users,39484
orders,21322,,USD,2024-06-28T20:52:21.199278Z,0,0,0,,,,1,Lakewood,35,E9Q2-XPR3-55O4,"Visa ending in 0492",35,USD,2024-06-28T20:52:21.344703Z,0,0,0,,Completed,35,35,35,"L1. Pre-Opening VIP Unlimited Membership - Lakewood","L1. Pre-Opening VIP Unlimited Membership - Lakewood","Lakewood Tax - Memberships",0,35,0,0,0,,users,39468,carts,34681,partners,41395,order_lines,21382,partners,1,,users,39468
orders,21321,,USD,2024-06-28T20:52:20.964388Z,0,0,0,,,,1,Lakewood,35,5HA3-JN44-55O4,"Visa ending in 2188",35,USD,2024-06-28T20:52:21.146296Z,0,0,0,,Completed,35,35,35,"L1. Pre-Opening VIP Unlimited Membership - Lakewood","L1. Pre-Opening VIP Unlimited Membership - Lakewood","Lakewood Tax - Memberships",0,35,0,0,0,,users,39495,carts,34679,partners,41395,order_lines,21381,partners,1,,users,39495
orders,21320,,USD,2024-06-28T20:52:20.836551Z,0,0,0,,,,1,Lakewood,35,G74U-E35K-55O4,"Visa ending in 9714",35,USD,2024-06-28T20:52:21.048313Z,0,0,0,,Completed,35,35,35,"L1. Pre-Opening VIP Unlimited Membership - Lakewood","L1. Pre-Opening VIP Unlimited Membership - Lakewood","Lakewood Tax - Memberships",0,35,0,0,0,,users,39513,carts,34678,partners,41395,order_lines,21380,partners,1,,users,39513
orders,21319,,USD,2024-06-28T20:52:20.417879Z,0,0,0,,,,1,Lakewood,35,JRBP-QZD4-55O4,"Visa ending in 4041",35,USD,2024-06-28T20:52:20.681972Z,0,0,0,,Completed,35,35,35,"L1. Pre-Opening VIP Unlimited Membership - Lakewood","L1. Pre-Opening VIP Unlimited Membership - Lakewood","Lakewood Tax - Memberships",0,35,0,0,0,,users,39518,carts,34677,partners,41395,order_lines,21379,partners,1,,users,39518
orders,21318,,USD,2024-06-28T20:52:19.621348Z,0,0,0,,,,1,Lakewood,35,PVSM-7SVH-55O4,"Visa ending in 5872",35,USD,2024-06-28T20:52:20.140905Z,0,0,0,,Completed,35,35,35,"L1. Pre-Opening VIP Unlimited Membership - Lakewood","L1. Pre-Opening VIP Unlimited Membership - Lakewood","Lakewood Tax - Memberships",0,35,0,0,0,,users,39535,carts,34674,partners,41395,order_lines,21378,partners,1,,users,39535
orders,21317,,USD,2024-06-28T20:52:19.616593Z,0,0,0,,,,1,Lakewood,35,RNQH-Z3K6-55O4,"Visa ending in 8844",35,USD,2024-06-28T20:52:19.854581Z,0,0,0,,Completed,35,35,35,"L1. Pre-Opening VIP Unlimited Membership - Lakewood","L1. Pre-Opening VIP Unlimited Membership - Lakewood","Lakewood Tax - Memberships",0,35,0,0,0,,users,39530,carts,34676,partners,41395,order_lines,21377,partners,1,,users,39530
orders,21315,,USD,2024-06-28T20:52:18.494867Z,0,0,0,,,,1,Lakewood,35,BGB3-TDEG-55O4,"Visa ending in 3992",35,USD,2024-06-28T20:52:18.695323Z,0,0,0,,Completed,35,35,35,"L1. Pre-Opening VIP Unlimited Membership - Lakewood","L1. Pre-Opening VIP Unlimited Membership - Lakewood","Lakewood Tax - Memberships",0,35,0,0,0,,users,39536,carts,34673,partners,41395,order_lines,21375,partners,1,,users,39536
orders,21313,,USD,2024-06-28T20:52:18.090090Z,0,0,0,,,,1,Lakewood,35,HDGM-EQV8-55O4,"Visa ending in 1864",35,USD,2024-06-28T20:52:18.188375Z,0,0,0,,Completed,35,35,35,"L1. Pre-Opening VIP Unlimited Membership - Lakewood","L1. Pre-Opening VIP Unlimited Membership - Lakewood","Lakewood Tax - Memberships",0,35,0,0,0,,users,39545,carts,34672,partners,41395,order_lines,21373,partners,1,,users,39545
orders,21311,,USD,2024-06-28T20:52:17.828832Z,0,0,0,,,,1,Lakewood,35,JQFH-SQ9K-55O4,"Visa ending in 1457",35,USD,2024-06-28T20:52:17.940284Z,0,0,0,,Completed,35,35,35,"L1. Pre-Opening VIP Unlimited Membership - Lakewood","L1. Pre-Opening VIP Unlimited Membership - Lakewood","Lakewood Tax - Memberships",0,35,0,0,0,,users,39558,carts,34669,partners,41395,order_lines,21371,partners,1,,users,39558
orders,21312,,USD,2024-06-28T20:52:17.826242Z,0,0,0,,,,1,Lakewood,35,U784-EG4W-55O4,"Visa ending in 9099",35,USD,2024-06-28T20:52:17.969071Z,0,0,0,,Completed,35,35,35,"L1. Pre-Opening VIP Unlimited Membership - Lakewood","L1. Pre-Opening VIP Unlimited Membership - Lakewood","Lakewood Tax - Memberships",0,35,0,0,0,,users,39501,carts,34670,partners,41395,order_lines,21372,partners,1,,users,39501
orders,21310,,USD,2024-06-28T20:52:17.705822Z,0,0,0,,,,1,Lakewood,35,W78S-YTBJ-55O4,"Visa ending in 6159",35,USD,2024-06-28T20:52:17.857595Z,0,0,0,,Completed,35,35,35,"L1. Pre-Opening VIP Unlimited Membership - Lakewood","L1. Pre-Opening VIP Unlimited Membership - Lakewood","Lakewood Tax - Memberships",0,35,0,0,0,,users,39560,carts,34668,partners,41395,order_lines,21370,partners,1,,users,39560
orders,21309,,USD,2024-06-28T20:52:17.654002Z,0,0,0,,,,1,Lakewood,35,S6GT-X4WE-55O4,"Visa ending in 0988",35,USD,2024-06-28T20:52:17.755791Z,0,0,0,,Completed,35,35,35,"L1. Pre-Opening VIP Unlimited Membership - Lakewood","L1. Pre-Opening VIP Unlimited Membership - Lakewood","Lakewood Tax - Memberships",0,35,0,0,0,,users,39564,carts,34667,partners,41395,order_lines,21369,partners,1,,users,39564
orders,21308,,USD,2024-06-28T20:52:17.368912Z,0,0,0,,,,1,Lakewood,35,9X49-54ND-55O4,"Mastercard ending in 9261",35,USD,2024-06-28T20:52:17.456623Z,0,0,0,,Completed,35,35,35,"L1. Pre-Opening VIP Unlimited Membership - Lakewood","L1. Pre-Opening VIP Unlimited Membership - Lakewood","Lakewood Tax - Memberships",0,35,0,0,0,,users,39588,carts,34666,partners,41395,order_lines,21368,partners,1,,users,39588
orders,21307,,USD,2024-06-28T20:52:16.913693Z,0,0,0,,,,1,Lakewood,35,23AR-2FG5-55O4,"Mastercard ending in 5578",35,USD,2024-06-28T20:52:17.134612Z,0,0,0,,Completed,35,35,35,"L1. Pre-Opening VIP Unlimited Membership - Lakewood","L1. Pre-Opening VIP Unlimited Membership - Lakewood","Lakewood Tax - Memberships",0,35,0,0,0,,users,39625,carts,34665,partners,41395,order_lines,21367,partners,1,,users,39625
orders,21306,,USD,2024-06-28T20:52:16.888448Z,0,0,0,,,,1,Lakewood,35,H3DK-RR9K-55O4,"Mastercard ending in 6270",35,USD,2024-06-28T20:52:17.112823Z,0,0,0,,Completed,35,35,35,"L1. Pre-Opening VIP Unlimited Membership - Lakewood","L1. Pre-Opening VIP Unlimited Membership - Lakewood","Lakewood Tax - Memberships",0,35,0,0,0,,users,39634,carts,34664,partners,41395,order_lines,21366,partners,1,,users,39634
orders,21305,,USD,2024-06-28T20:52:16.741842Z,0,0,0,,,,1,Lakewood,35,YYFN-NJPA-55O4,"Mastercard ending in 5682",35,USD,2024-06-28T20:52:16.889985Z,0,0,0,,Completed,35,35,35,"L1. Pre-Opening VIP Unlimited Membership - Lakewood","L1. Pre-Opening VIP Unlimited Membership - Lakewood","Lakewood Tax - Memberships",0,35,0,0,0,,users,39631,carts,34663,partners,41395,order_lines,21365,partners,1,,users,39631
orders,21304,,USD,2024-06-28T20:52:16.727297Z,0,0,0,,,,1,Lakewood,35,7NAW-35JK-55O4,"Visa ending in 1111",35,USD,2024-06-28T20:52:16.835648Z,0,0,0,,Completed,35,35,35,"L1. Pre-Opening VIP Unlimited Membership - Lakewood","L1. Pre-Opening VIP Unlimited Membership - Lakewood","Lakewood Tax - Memberships",0,35,0,0,0,,users,39644,carts,34662,partners,41395,order_lines,21364,partners,1,,users,39644
orders,21303,,USD,2024-06-28T20:52:16.689205Z,0,0,0,,,,1,Lakewood,35,5BEB-378X-55O4,"Visa ending in 3482",35,USD,2024-06-28T20:52:16.815788Z,0,0,0,,Completed,35,35,35,"L1. Pre-Opening VIP Unlimited Membership - Lakewood","L1. Pre-Opening VIP Unlimited Membership - Lakewood","Lakewood Tax - Memberships",0,35,0,0,0,,users,39671,carts,34659,partners,41395,order_lines,21363,partners,1,,users,39671
orders,21301,,USD,2024-06-28T20:52:16.631812Z,0,0,0,,,,1,Lakewood,35,6KCY-S35X-55O4,"Discover ending in 2009",35,USD,2024-06-28T20:52:16.735859Z,0,0,0,,Completed,35,35,35,"L1. Pre-Opening VIP Unlimited Membership - Lakewood","L1. Pre-Opening VIP Unlimited Membership - Lakewood","Lakewood Tax - Memberships",0,35,0,0,0,,users,39569,carts,34661,partners,41395,order_lines,21361,partners,1,,users,39569
orders,21300,,USD,2024-06-28T20:52:15.393196Z,0,0,0,,,,1,Lakewood,35,373V-6U3M-55O4,"Visa ending in 8642",35,USD,2024-06-28T20:52:16.272896Z,0,0,0,,Completed,35,35,35,"L1. Pre-Opening VIP Unlimited Membership - Lakewood","L1. Pre-Opening VIP Unlimited Membership - Lakewood","Lakewood Tax - Memberships",0,35,0,0,0,,users,39679,carts,34658,partners,41395,order_lines,21360,partners,1,,users,39679
orders,21299,,USD,2024-06-28T20:52:15.088193Z,0,0,0,,,,1,Lakewood,35,8WF6-NM46-55O4,"Visa ending in 2289",35,USD,2024-06-28T20:52:15.273637Z,0,0,0,,Completed,35,35,35,"L1. Pre-Opening VIP Unlimited Membership - Lakewood","L1. Pre-Opening VIP Unlimited Membership - Lakewood","Lakewood Tax - Memberships",0,35,0,0,0,,users,39689,carts,34656,partners,41395,order_lines,21359,partners,1,,users,39689
orders,21298,,USD,2024-06-28T20:52:14.898021Z,0,0,0,,,,1,Lakewood,35,V79Z-U2ZH-55O4,"American Express ending in 2007",35,USD,2024-06-28T20:52:15.098398Z,0,0,0,,Completed,35,35,35,"L1. Pre-Opening VIP Unlimited Membership - Lakewood","L1. Pre-Opening VIP Unlimited Membership - Lakewood","Lakewood Tax - Memberships",0,35,0,0,0,,users,39694,carts,34653,partners,41395,order_lines,21358,partners,1,,users,39694
orders,21297,,USD,2024-06-28T20:52:14.774900Z,0,0,0,,,,1,Lakewood,35,B7YM-ZJ2W-55O4,"Mastercard ending in 8271",35,USD,2024-06-28T20:52:14.902070Z,0,0,0,,Completed,35,35,35,"L1. Pre-Opening VIP Unlimited Membership - Lakewood","L1. Pre-Opening VIP Unlimited Membership - Lakewood","Lakewood Tax - Memberships",0,35,0,0,0,,users,39697,carts,34655,partners,41395,order_lines,21357,partners,1,,users,39697
orders,21296,,USD,2024-06-28T20:52:14.737399Z,0,0,0,,,,1,Lakewood,35,X9JG-QMRX-55O4,"Visa ending in 6125",35,USD,2024-06-28T20:52:14.845921Z,0,0,0,,Completed,35,35,35,"L1. Pre-Opening VIP Unlimited Membership - Lakewood","L1. Pre-Opening VIP Unlimited Membership - Lakewood","Lakewood Tax - Memberships",0,35,0,0,0,,users,39405,carts,34657,partners,41395,order_lines,21356,partners,1,,users,39405
orders,21295,,USD,2024-06-28T20:52:14.706508Z,0,0,0,,,,1,Lakewood,35,VGGE-C4EJ-55O4,"Visa ending in 1051",35,USD,2024-06-28T20:52:14.856468Z,0,0,0,,Completed,35,35,35,"L1. Pre-Opening VIP Unlimited Membership - Lakewood","L1. Pre-Opening VIP Unlimited Membership - Lakewood","Lakewood Tax - Memberships",0,35,0,0,0,,users,39682,carts,34654,partners,41395,order_lines,21355,partners,1,,users,39682
orders,21294,,USD,2024-06-28T20:52:14.613133Z,0,0,0,,,,1,Lakewood,35,TTHR-ESE7-55O4,"Visa ending in 1627",35,USD,2024-06-28T20:52:14.785389Z,0,0,0,,Completed,35,35,35,"L1. Pre-Opening VIP Unlimited Membership - Lakewood","L1. Pre-Opening VIP Unlimited Membership - Lakewood","Lakewood Tax - Memberships",0,35,0,0,0,,users,39699,carts,34652,partners,41395,order_lines,21354,partners,1,,users,39699
orders,21293,,USD,2024-06-28T20:52:13.892637Z,0,0,0,,,,1,Torrance,37,QXFY-4U86-55O4,"Visa ending in 6620",37,USD,2024-06-28T20:52:13.976212Z,0,0,0,,Completed,37,37,37,"Torrance | Club Package - 6 Month Contract","Torrance | Club Package - 6 Month Contract","Torrance Tax - Memberships",0,37,0,0,0,,users,39685,carts,34651,partners,41362,order_lines,21353,partners,1,,users,39685
orders,21292,,USD,2024-06-28T20:52:13.642881Z,0,0,0,,,,1,Lakewood,35,DF4J-6SPQ-55O4,"Mastercard ending in 7903",35,USD,2024-06-28T20:52:13.790583Z,0,0,0,,Completed,35,35,35,"Lakewood/Orange | Gold Package - 3x a Week - 6 Month Contract (Grand Opening)","Lakewood/Orange | Gold Package - 3x a Week - 6 Month Contract (Grand Opening)","Lakewood Tax - Memberships",0,35,0,0,0,,users,39791,carts,34650,partners,41395,order_lines,21352,partners,1,,users,39791
orders,21291,,USD,2024-06-28T20:52:13.473367Z,0,0,0,,,,1,Torrance,32,FH4D-72YQ-55O4,"Mastercard ending in 3150",32,USD,2024-06-28T20:52:13.677444Z,0,0,0,,Completed,32,32,32,"Torrance | Club Package - 6 Month Contract","Torrance | Club Package - 6 Month Contract","Torrance Tax - Memberships",0,32,0,0,0,,users,37742,carts,34648,partners,41362,order_lines,21351,partners,1,,users,37742
orders,21290,,USD,2024-06-28T20:52:13.454497Z,0,0,0,,,,1,Torrance,37,2PGM-MAUA-55O4,"Visa ending in 3280",37,USD,2024-06-28T20:52:13.626632Z,0,0,0,,Completed,37,37,37,"Torrance | Club Package - 6 Month Contract","Torrance | Club Package - 6 Month Contract","Torrance Tax - Memberships",0,37,0,0,0,,users,40010,carts,34646,partners,41362,order_lines,21349,partners,1,,users,40010
orders,21289,,USD,2024-06-28T20:52:13.453333Z,0,0,0,,,,1,Torrance,40,NUMG-WUFH-55O4,"Visa ending in 4787",40,USD,2024-06-28T20:52:13.673574Z,0,0,0,,Completed,40,40,40,"Torrance | Gold Package - 3x a Week - 6 Month Contract","Torrance | Gold Package - 3x a Week - 6 Month Contract","Torrance Tax - Memberships",0,40,0,0,0,,users,39078,carts,34649,partners,41362,order_lines,21350,partners,1,,users,39078
orders,21288,,USD,2024-06-28T20:52:13.320528Z,0,0,0,,,,1,Torrance,32,2XJK-J7EQ-55O4,"Visa ending in 2555",32,USD,2024-06-28T20:52:13.471182Z,0,0,0,,Completed,32,32,32,"Torrance | Club Package - 6 Month Contract","Torrance | Club Package - 6 Month Contract","Torrance Tax - Memberships",0,32,0,0,0,,users,39259,carts,34647,partners,41362,order_lines,21348,partners,1,,users,39259
orders,21287,,USD,2024-06-28T20:52:13.004797Z,0,0,0,,,,1,Torrance,25,V9QV-JYX2-55O4,"Visa ending in 0011",25,USD,2024-06-28T20:52:13.097636Z,0,0,0,,Completed,25,25,25,"Torrance | Starter Package - 6 Month Contract","Torrance | Starter Package - 6 Month Contract","Torrance Tax - Memberships",0,25,0,0,0,,users,35036,carts,34645,partners,41362,order_lines,21346,partners,1,,users,35036
orders,21286,,USD,2024-06-28T20:52:12.983182Z,0,0,0,,,,1,Lakewood,30,MA3T-BT5U-55O4,"Visa ending in 0041",30,USD,2024-06-28T20:52:13.181148Z,0,0,0,,Completed,30,30,30,"Lakewood/Orange | Club Package - 2x a Week - 6 Month Contract (Grand Opening)","Lakewood/Orange | Club Package - 2x a Week - 6 Month Contract (Grand Opening)","Lakewood Tax - Memberships",0,30,0,0,0,,users,40037,carts,34644,partners,41395,order_lines,21347,partners,1,,users,40037
orders,21285,,USD,2024-06-28T20:52:12.963044Z,0,0,0,,,,1,Torrance,45,SNCV-ZE8N-55O4,"Visa ending in 0766",45,USD,2024-06-28T20:52:13.166375Z,0,0,0,,Completed,45,45,45,"Torrance | VIP Package - 6 Month Contract","Torrance | VIP Package - 6 Month Contract","Torrance Tax - Memberships",0,45,0,0,0,,users,40090,carts,34643,partners,41362,order_lines,21345,partners,1,,users,40090
orders,21284,,USD,2024-06-28T20:52:12.943887Z,0,0,0,,,,1,Torrance,40,27DW-6RCA-55O4,"Visa ending in 5720",40,USD,2024-06-28T20:52:13.099111Z,0,0,0,,Completed,40,40,40,"Torrance | Gold Package - 3x a Week - 6 Month Contract","Torrance | Gold Package - 3x a Week - 6 Month Contract","Torrance Tax - Memberships",0,40,0,0,0,,users,40054,carts,34641,partners,41362,order_lines,21344,partners,1,,users,40054
orders,21283,,USD,2024-06-28T20:52:12.145831Z,0,0,0,,,,1,Lakewood,35,7A9V-69UV-55O4,"Visa ending in 1524",35,USD,2024-06-28T20:52:12.982171Z,0,0,0,,Completed,35,35,35,"Lakewood/Orange | Gold Package - 3x a Week - 6 Month Contract (Grand Opening)","Lakewood/Orange | Gold Package - 3x a Week - 6 Month Contract (Grand Opening)","Lakewood Tax - Memberships",0,35,0,0,0,,users,40104,carts,34642,partners,41395,order_lines,21343,partners,1,,users,40104
orders,21282,,USD,2024-06-28T20:52:11.817048Z,0,0,0,,,,1,Lakewood,35,QJZH-CUM8-55O4,"Mastercard ending in 2797",35,USD,2024-06-28T20:52:11.901129Z,0,0,0,,Completed,35,35,35,"Lakewood/Orange | Gold Package - 3x a Week - 6 Month Contract (Grand Opening)","Lakewood/Orange | Gold Package - 3x a Week - 6 Month Contract (Grand Opening)","Lakewood Tax - Memberships",0,35,0,0,0,,users,40016,carts,34640,partners,41395,order_lines,21342,partners,1,,users,40016
orders,21281,,USD,2024-06-28T20:52:11.071427Z,0,0,0,,,,1,Lakewood,20,JASG-J4BW-55O4,"Visa ending in 3528",20,USD,2024-06-28T20:52:11.486341Z,0,0,0,,Completed,20,20,20,"Lakewood/Orange | Starter Package - 1x a Week - 6 Month Contract (Grand Opening)","Lakewood/Orange | Starter Package - 1x a Week - 6 Month Contract (Grand Opening)","Lakewood Tax - Memberships",0,20,0,0,0,,users,39747,carts,34639,partners,41395,order_lines,21341,partners,1,,users,39747
orders,21280,,USD,2024-06-28T20:52:10.920319Z,0,0,0,,,,1,Lakewood,30,TJ9N-A9JZ-55O4,"Visa ending in 8770",30,USD,2024-06-28T20:52:11.178434Z,0,0,0,,Completed,30,30,30,"Lakewood/Orange | Club Package - 2x a Week - 6 Month Contract (Grand Opening)","Lakewood/Orange | Club Package - 2x a Week - 6 Month Contract (Grand Opening)","Lakewood Tax - Memberships",0,30,0,0,0,,users,40066,carts,34638,partners,41395,order_lines,21340,partners,1,,users,40066
orders,21279,,USD,2024-06-28T20:52:10.364315Z,0,0,0,,,,1,Lakewood,30,XGTV-SGZ3-55O4,"Visa ending in 6618",30,USD,2024-06-28T20:52:10.587628Z,0,0,0,,Completed,30,30,30,"Lakewood/Orange | Club Package - 2x a Week - 6 Month Contract (Grand Opening)","Lakewood/Orange | Club Package - 2x a Week - 6 Month Contract (Grand Opening)","Lakewood Tax - Memberships",0,30,0,0,0,,users,40055,carts,34637,partners,41395,order_lines,21339,partners,1,,users,40055
orders,21278,,USD,2024-06-28T20:52:10.235728Z,0,0,0,,,,1,Torrance,25,UJN3-XME3-55O4,"Visa ending in 3705",25,USD,2024-06-28T20:52:10.436910Z,0,0,0,,Completed,25,25,25,"Torrance | Starter Package - 6 Month Contract","Torrance | Starter Package - 6 Month Contract","Torrance Tax - Memberships",0,25,0,0,0,,users,40043,carts,34635,partners,41362,order_lines,21338,partners,1,,users,40043
orders,21277,,USD,2024-06-28T20:52:10.226349Z,0,0,0,,,,1,Torrance,32,TQFG-M9DE-55O4,"Visa ending in 1038",32,USD,2024-06-28T20:52:10.389754Z,0,0,0,,Completed,32,32,32,"Torrance | Club Package - 6 Month Contract","Torrance | Club Package - 6 Month Contract","Torrance Tax - Memberships",0,32,0,0,0,,users,40087,carts,34636,partners,41362,order_lines,21337,partners,1,,users,40087
orders,21276,,USD,2024-06-28T20:52:09.977582Z,0,0,0,,,,1,Torrance,55,KAVM-VRBE-55O4,"Visa ending in 6473",55,USD,2024-06-28T20:52:10.155580Z,0,0,0,,Completed,55,55,55,"Torrance | VIP Package - 6 Month Contract","Torrance | VIP Package - 6 Month Contract","Torrance Tax - Memberships",0,55,0,0,0,,users,40168,carts,34634,partners,41362,order_lines,21336,partners,1,,users,40168
orders,21275,,USD,2024-06-28T20:52:09.934770Z,0,0,0,,,,1,Torrance,37,KZNU-JF6W-55O4,"Visa ending in 7893",37,USD,2024-06-28T20:52:10.071101Z,0,0,0,,Completed,37,37,37,"Torrance | Club Package - 6 Month Contract","Torrance | Club Package - 6 Month Contract","Torrance Tax - Memberships",0,37,0,0,0,,users,40238,carts,34633,partners,41362,order_lines,21335,partners,1,,users,40238
orders,21274,,USD,2024-06-28T20:52:09.637710Z,0,0,0,,,,1,Lakewood,30,DWNF-3RNM-55O4,"Mastercard ending in 3433",30,USD,2024-06-28T20:52:09.740939Z,0,0,0,,Completed,30,30,30,"Lakewood/Orange | Club Package - 2x a Week - 6 Month Contract (Grand Opening)","Lakewood/Orange | Club Package - 2x a Week - 6 Month Contract (Grand Opening)","Lakewood Tax - Memberships",0,30,0,0,0,,users,40264,carts,34632,partners,41395,order_lines,21334,partners,1,,users,40264
orders,21273,,USD,2024-06-28T20:52:08.781546Z,0,0,0,,,,1,Lakewood,20,3QMM-QZCF-55O4,"Visa ending in 4400",20,USD,2024-06-28T20:52:09.761653Z,0,0,0,,Completed,20,20,20,"Lakewood/Orange | Starter Package - 1x a Week - 6 Month Contract (Grand Opening)","Lakewood/Orange | Starter Package - 1x a Week - 6 Month Contract (Grand Opening)","Lakewood Tax - Memberships",0,20,0,0,0,,users,40371,carts,34631,partners,41395,order_lines,21333,partners,1,,users,40371
orders,21272,,USD,2024-06-28T20:52:08.567084Z,0,0,0,,,,1,Lakewood,35,UHVV-QMCP-55O4,"Visa ending in 5059",35,USD,2024-06-28T20:52:08.754731Z,0,0,0,,Completed,35,35,35,"Lakewood/Orange | Gold Package - 3x a Week - 6 Month Contract (Grand Opening)","Lakewood/Orange | Gold Package - 3x a Week - 6 Month Contract (Grand Opening)","Lakewood Tax - Memberships",0,35,0,0,0,,users,40353,carts,34629,partners,41395,order_lines,21332,partners,1,,users,40353
orders,21271,,USD,2024-06-28T20:52:08.545425Z,0,0,0,,,,1,Torrance,37,A9EV-99R6-55O4,"Visa ending in 2207",37,USD,2024-06-28T20:52:08.667408Z,0,0,0,,Completed,37,37,37,"Torrance | Club Package - 6 Month Contract","Torrance | Club Package - 6 Month Contract","Torrance Tax - Memberships",0,37,0,0,0,,users,40281,carts,34630,partners,41362,order_lines,21331,partners,1,,users,40281
orders,21270,,USD,2024-06-28T20:52:08.484370Z,0,0,0,,,,1,Lakewood,20,39DP-BTR7-55O4,"Mastercard ending in 0350",20,USD,2024-06-28T20:52:08.649758Z,0,0,0,,Completed,20,20,20,"Lakewood/Orange | Starter Package - 1x a Week - 6 Month Contract (Grand Opening)","Lakewood/Orange | Starter Package - 1x a Week - 6 Month Contract (Grand Opening)","Lakewood Tax - Memberships",0,20,0,0,0,,users,40428,carts,34628,partners,41395,order_lines,21330,partners,1,,users,40428
orders,21269,,USD,2024-06-28T20:52:08.203965Z,0,0,0,,,,1,Lakewood,30,M6Q9-7ZQK-55O4,"Visa ending in 2710",30,USD,2024-06-28T20:52:08.412212Z,0,0,0,,Completed,30,30,30,"Lakewood/Orange | Club Package - 2x a Week - 6 Month Contract (Grand Opening)","Lakewood/Orange | Club Package - 2x a Week - 6 Month Contract (Grand Opening)","Lakewood Tax - Memberships",0,30,0,0,0,,users,40614,carts,34626,partners,41395,order_lines,21329,partners,1,,users,40614
orders,21268,,USD,2024-06-28T20:52:08.104117Z,0,0,0,,,,1,Lakewood,35,3JP9-CEKY-55O4,"Visa ending in 3553",35,USD,2024-06-28T20:52:08.205094Z,0,0,0,,Completed,35,35,35,"Lakewood/Orange | Gold Package - 3x a Week - 6 Month Contract (Grand Opening)","Lakewood/Orange | Gold Package - 3x a Week - 6 Month Contract (Grand Opening)","Lakewood Tax - Memberships",0,35,0,0,0,,users,40593,carts,34627,partners,41395,order_lines,21328,partners,1,,users,40593
orders,21267,,USD,2024-06-28T20:52:07.974478Z,0,0,0,,,,1,Lakewood,35,GPMG-SRFQ-55O4,"Visa ending in 7058",35,USD,2024-06-28T20:52:08.089891Z,0,0,0,,Completed,35,35,35,"Lakewood/Orange | Gold Package - 3x a Week - 6 Month Contract (Grand Opening)","Lakewood/Orange | Gold Package - 3x a Week - 6 Month Contract (Grand Opening)","Lakewood Tax - Memberships",0,35,0,0,0,,users,40669,carts,34625,partners,41395,order_lines,21327,partners,1,,users,40669
orders,21266,,USD,2024-06-28T20:52:07.825151Z,0,0,0,,,,1,Lakewood,25,NRPM-5FGK-55O4,"Visa ending in 0600",25,USD,2024-06-28T20:52:07.981185Z,0,0,0,,Completed,25,25,25,"Torrance | Starter Package - 6 Month Contract","Torrance | Starter Package - 6 Month Contract","Lakewood Tax - Memberships",0,25,0,0,0,,users,40748,carts,34623,partners,41395,order_lines,21326,partners,1,,users,40748
orders,21265,,USD,2024-06-28T20:52:07.791170Z,0,0,0,,,,1,Lakewood,30,TKNS-XNEX-55O4,"Visa ending in 1259",30,USD,2024-06-28T20:52:07.963767Z,0,0,0,,Completed,30,30,30,"Lakewood/Orange | Club Package - 2x a Week - 6 Month Contract (Grand Opening)","Lakewood/Orange | Club Package - 2x a Week - 6 Month Contract (Grand Opening)","Lakewood Tax - Memberships",0,30,0,0,0,,users,40646,carts,34621,partners,41395,order_lines,21325,partners,1,,users,40646
orders,21263,,USD,2024-06-28T20:52:07.758199Z,0,0,0,,,,1,Lakewood,37,XAEU-8MUH-55O4,"Visa ending in 6819",37,USD,2024-06-28T20:52:07.859181Z,0,0,0,,Completed,37,37,37,"Torrance | Club Package - 6 Month Contract","Torrance | Club Package - 6 Month Contract","Lakewood Tax - Memberships",0,37,0,0,0,,users,40552,carts,34624,partners,41395,order_lines,21323,partners,1,,users,40552
orders,21264,,USD,2024-06-28T20:52:07.749043Z,0,0,0,,,,1,Lakewood,35,W5WW-2ZUF-55O4,"Visa ending in 0370",35,USD,2024-06-28T20:52:07.944044Z,0,0,0,,Completed,35,35,35,"L1. Pre-Opening VIP Unlimited Membership - Lakewood","L1. Pre-Opening VIP Unlimited Membership - Lakewood","Lakewood Tax - Memberships",0,35,0,0,0,,users,40828,carts,34622,partners,41395,order_lines,21324,partners,1,,users,40828
orders,21262,,USD,2024-06-28T20:52:07.640128Z,0,0,0,,,,1,Torrance,40,2RF2-VBDP-55O4,"Visa ending in 2046",40,USD,2024-06-28T20:52:07.740519Z,0,0,0,,Completed,40,40,40,"Torrance | Gold Package - 6 Month Contract (Early Signup Special)","Torrance | Gold Package - 6 Month Contract (Early Signup Special)","Torrance Tax - Memberships",0,40,0,0,0,,users,40843,carts,34619,partners,41362,order_lines,21322,partners,1,,users,40843
orders,21261,,USD,2024-06-28T20:52:07.580352Z,0,0,0,,,,1,Lakewood,25,FXNH-S4H7-55O4,"Visa ending in 1382",25,USD,2024-06-28T20:52:07.668537Z,0,0,0,,Completed,25,25,25,"Torrance | Starter Package - 6 Month Contract","Torrance | Starter Package - 6 Month Contract","Lakewood Tax - Memberships",0,25,0,0,0,,users,40747,carts,34620,partners,41395,order_lines,21321,partners,1,,users,40747
orders,21260,,USD,2024-06-28T19:05:23.282745Z,0,0,0,,,,1,Torrance,20,TQ99-GKN3-55O4,"American Express ending in 1016",20,USD,2024-06-28T19:05:23.355577Z,0,0,0,,Completed,20,20,20,"Torrance/Lakewood/Orange | 2 Week Unlimited Pass","Torrance/Lakewood/Orange | 2 Week Unlimited Pass","Torrance Tax - Memberships",0,20,0,0,0,,users,41090,carts,34608,partners,41362,order_lines,21320,partners,1,,users,41090
orders,21259,,USD,2024-06-28T18:10:51.821368Z,0,0,0,,,,1,Lakewood,15,YM8S-KZ9N-55O4,"Visa ending in 1397",15,USD,2024-06-28T18:10:51.979195Z,0,0,0,,Completed,15,15,15,"No Show Fee","No Show Fee","Lakewood Tax - Penalty Fees",0,15,0,0,0,,users,40526,carts,34613,partners,41395,order_lines,21319,partners,1,,users,40526
orders,21251,,USD,2024-06-28T16:17:13.418728Z,0,0,0,,,,1,Torrance,20,ZAX5-TCY9-55O4,"Visa ending in 0581",20,USD,2024-06-28T16:17:13.557699Z,0,0,0,,Completed,20,20,20,"Torrance/Lakewood/Orange | 2 Week Unlimited Pass","Torrance/Lakewood/Orange | 2 Week Unlimited Pass","Torrance Tax - Memberships",0,20,0,0,0,,users,41089,carts,34599,partners,41362,order_lines,21311,partners,1,,users,41089
orders,21249,1,USD,2024-06-28T16:11:02.763346Z,0,0,0,,,,,Orange,0,N9Z7-42VR-55O4,"Mastercard ending in 6461",15,USD,2024-06-28T16:11:02.929265Z,0,0,0,,Refunded,15,15,15,"No Show Fee",,"Orange Tax - Penalty Fees",0,15,15,0,0,,users,40967,carts,34597,partners,41430,order_lines,21309,partners,1,,users,40967
orders,21248,,USD,2024-06-28T15:11:08.698938Z,0,0,0,,,,1,Orange,15,2T6N-AYSR-55O4,"Visa ending in 6202",15,USD,2024-06-28T15:11:08.866294Z,0,0,0,,Completed,15,15,15,"No Show Fee","No Show Fee","Orange Tax - Penalty Fees",0,15,0,0,0,,users,40811,carts,34590,partners,41430,order_lines,21308,partners,1,,users,40811
orders,21247,,USD,2024-06-28T15:11:07.823432Z,0,0,0,,,,1,Torrance,15,SY9N-ESFK-55O4,"Mastercard ending in 2843",15,USD,2024-06-28T15:11:08.828695Z,0,0,0,,Completed,15,15,15,"No Show Fee","No Show Fee","Torrance Tax - Penalty Fees",0,15,0,0,0,,users,38995,carts,34593,partners,41362,order_lines,21307,partners,1,,users,38995
orders,21246,,USD,2024-06-28T15:11:07.685779Z,0,0,0,,,,1,Orange,15,HGGB-7RJR-55O4,"Visa ending in 5505",15,USD,2024-06-28T15:11:07.792754Z,0,0,0,,Completed,15,15,15,"No Show Fee","No Show Fee","Orange Tax - Penalty Fees",0,15,0,0,0,,users,41016,carts,34592,partners,41430,order_lines,21306,partners,1,,users,41016
orders,21245,,USD,2024-06-28T13:30:10.589217Z,0,0,0,,,,1,Torrance,35,QU5N-KSGP-55O4,"American Express ending in 4007",35,USD,2024-06-28T13:30:10.763871Z,0,0,0,,Completed,35,35,35,"Drop In Class","Drop In Class","Torrance Tax - Credits",0,35,0,0,0,,users,40904,carts,34585,partners,41362,order_lines,21305,partners,1,,users,40904
orders,21242,,USD,2024-06-28T12:49:36.576165Z,0,0,0,,,,1,Orange,15,ERZE-ESV9-55O4,"Mastercard ending in 5144",15,USD,2024-06-28T12:49:36.746098Z,0,0,0,,Completed,15,15,15,"No Show Fee","No Show Fee","Orange Tax - Penalty Fees",0,15,0,0,0,,users,40425,carts,34580,partners,41430,order_lines,21302,partners,1,,users,40425
orders,21228,,USD,2024-06-28T12:44:59.413151Z,0,0,0,,,,1,Orange,10,DNQN-AJV7-55O4,"Mastercard ending in 6461",10,USD,2024-06-28T12:44:59.544804Z,0,0,0,,Completed,10,10,10,"Torrance/Lakewood/Orange | 1 Week Trial for $10","Torrance/Lakewood/Orange | 1 Week Trial for $10","Orange Tax - Memberships",0,10,0,0,0,,users,41086,carts,34562,partners,41430,order_lines,21288,partners,1,,users,41086
orders,21227,,USD,2024-06-28T12:44:57.477202Z,0,0,0,,,,1,Lakewood,35,S3K2-PNHU-55O4,"Visa ending in 6973",35,USD,2024-06-28T12:44:57.571234Z,0,0,0,,Completed,35,35,35,"L1. Pre-Opening VIP Unlimited Membership - Lakewood","L1. Pre-Opening VIP Unlimited Membership - Lakewood","Lakewood Tax - Memberships",0,35,0,0,0,,users,39273,carts,34566,partners,41395,order_lines,21287,partners,1,,users,39273
orders,21226,,USD,2024-06-28T12:44:43.723101Z,0,0,0,,,,1,Lakewood,35,35HD-JZEX-55O4,"Visa ending in 3523",35,USD,2024-06-28T12:44:43.822873Z,0,0,0,,Completed,35,35,35,"L1. Pre-Opening VIP Unlimited Membership - Lakewood","L1. Pre-Opening VIP Unlimited Membership - Lakewood","Lakewood Tax - Memberships",0,35,0,0,0,,users,39406,carts,34565,partners,41395,order_lines,21286,partners,1,,users,39406
orders,21195,,USD,2024-06-28T08:11:13.134984Z,0,0,0,,,,1,Torrance,25,NX6P-DE7R-55O4,"Mastercard ending in 1441",25,USD,2024-06-28T08:11:13.230874Z,0,0,0,,Completed,25,25,25,"Torrance | Starter Package - 6 Month Contract","Torrance | Starter Package - 6 Month Contract","Torrance Tax - Memberships",0,25,0,0,0,,users,35142,carts,34521,partners,41362,order_lines,21255,partners,1,,users,35142
orders,21194,,USD,2024-06-28T08:11:13.090516Z,0,0,0,,,,1,Torrance,32,NJN7-B2NE-55O4,"American Express ending in 1008",32,USD,2024-06-28T08:11:13.179683Z,0,0,0,,Completed,32,32,32,"Torrance | Club Package - 6 Month Contract (Early Signup Special)","Torrance | Club Package - 6 Month Contract (Early Signup Special)","Torrance Tax - Memberships",0,32,0,0,0,,users,40689,carts,34520,partners,41362,order_lines,21254,partners,1,,users,40689
orders,21193,,USD,2024-06-28T08:11:11.168047Z,0,0,0,,,,1,Lakewood,40,BNGY-R6CZ-55O4,"Visa ending in 1732",40,USD,2024-06-28T08:11:11.260255Z,0,0,0,,Completed,40,40,40,"Lakewood/Orange | VIP Unlimited - 6 Month Contract (Grand Opening)","Lakewood/Orange | VIP Unlimited - 6 Month Contract (Grand Opening)","Lakewood Tax - Memberships",0,40,0,0,0,,users,40699,carts,34519,partners,41395,order_lines,21253,partners,1,,users,40699
orders,21192,,USD,2024-06-28T08:11:11.104561Z,0,0,0,,,,1,Lakewood,40,3VXQ-2Q9V-55O4,"Visa ending in 5905",40,USD,2024-06-28T08:11:11.306067Z,0,0,0,,Completed,40,40,40,"Lakewood/Orange | VIP Unlimited - 6 Month Contract (Grand Opening)","Lakewood/Orange | VIP Unlimited - 6 Month Contract (Grand Opening)","Lakewood Tax - Memberships",0,40,0,0,0,,users,40429,carts,34518,partners,41395,order_lines,21252,partners,1,,users,40429
orders,21191,,USD,2024-06-28T08:11:10.352650Z,0,0,0,,,,1,Lakewood,30,QREJ-YSJE-55O4,"Visa ending in 4079",30,USD,2024-06-28T08:11:10.522238Z,0,0,0,,Completed,30,30,30,"Lakewood/Orange | Club Package - 2x a Week - 6 Month Contract (Grand Opening)","Lakewood/Orange | Club Package - 2x a Week - 6 Month Contract (Grand Opening)","Lakewood Tax - Memberships",0,30,0,0,0,,users,40409,carts,34517,partners,41395,order_lines,21251,partners,1,,users,40409
orders,21190,,USD,2024-06-28T08:11:09.849632Z,0,0,0,,,,1,Lakewood,35,AMR5-UECT-55O4,"Visa ending in 9407",35,USD,2024-06-28T08:11:09.939971Z,0,0,0,,Completed,35,35,35,"Lakewood/Orange | Gold Package - 3x a Week - 6 Month Contract (Grand Opening)","Lakewood/Orange | Gold Package - 3x a Week - 6 Month Contract (Grand Opening)","Lakewood Tax - Memberships",0,35,0,0,0,,users,40327,carts,34516,partners,41395,order_lines,21250,partners,1,,users,40327
orders,21189,,USD,2024-06-28T08:11:09.724767Z,0,0,0,,,,1,Lakewood,35,B32P-8KJJ-55O4,"Visa ending in 9407",35,USD,2024-06-28T08:11:09.951042Z,0,0,0,,Completed,35,35,35,"Lakewood/Orange | Gold Package - 3x a Week - 6 Month Contract (Grand Opening)","Lakewood/Orange | Gold Package - 3x a Week - 6 Month Contract (Grand Opening)","Lakewood Tax - Memberships",0,35,0,0,0,,users,40328,carts,34515,partners,41395,order_lines,21249,partners,1,,users,40328
orders,21188,,USD,2024-06-28T08:11:09.493031Z,0,0,0,,,,1,Lakewood,35,HXQ5-99J2-55O4,"Visa ending in 8340",35,USD,2024-06-28T08:11:09.611136Z,0,0,0,,Completed,35,35,35,"Lakewood/Orange | Gold Package - 3x a Week - 6 Month Contract (Grand Opening)","Lakewood/Orange | Gold Package - 3x a Week - 6 Month Contract (Grand Opening)","Lakewood Tax - Memberships",0,35,0,0,0,,users,40338,carts,34514,partners,41395,order_lines,21248,partners,1,,users,40338
orders,21187,,USD,2024-06-28T08:11:09.431602Z,0,0,0,,,,1,Torrance,25,JCZT-VZAA-55O4,"Mastercard ending in 0183",25,USD,2024-06-28T08:11:09.591210Z,0,0,0,,Completed,25,25,25,"Torrance | Starter Package - 6 Month Contract","Torrance | Starter Package - 6 Month Contract","Torrance Tax - Memberships",0,25,0,0,0,,users,40272,carts,34513,partners,41362,order_lines,21247,partners,1,,users,40272
orders,21186,,USD,2024-06-28T08:11:08.699561Z,0,0,0,,,,1,Torrance,32,WPNG-GJUN-55O4,"Mastercard ending in 6304",32,USD,2024-06-28T08:11:08.882994Z,0,0,0,,Completed,32,32,32,"Torrance | Club Package - 6 Month Contract","Torrance | Club Package - 6 Month Contract","Torrance Tax - Memberships",0,32,0,0,0,,users,40274,carts,34512,partners,41362,order_lines,21246,partners,1,,users,40274
orders,21185,,USD,2024-06-28T08:11:07.759016Z,0,0,0,,,,1,Torrance,160,4DUD-2YQB-55O4,"Visa ending in 7069",160,USD,2024-06-28T08:11:07.842185Z,0,0,0,,Completed,160,160,160,"Torrance | Redondo Beach VIP Unlimited","Torrance | Redondo Beach VIP Unlimited","Torrance Tax - Memberships",0,160,0,0,0,,users,40174,carts,34511,partners,41362,order_lines,21245,partners,1,,users,40174
orders,21184,,USD,2024-06-28T08:11:06.607411Z,0,0,0,,,,1,Lakewood,30,YCFM-5FPN-55O4,"Visa ending in 5818",30,USD,2024-06-28T08:11:06.826825Z,0,0,0,,Completed,30,30,30,"Lakewood/Orange | Club Package - 2x a Week - 6 Month Contract (Grand Opening)","Lakewood/Orange | Club Package - 2x a Week - 6 Month Contract (Grand Opening)","Lakewood Tax - Memberships",0,30,0,0,0,,users,40147,carts,34510,partners,41395,order_lines,21244,partners,1,,users,40147
orders,21183,,USD,2024-06-28T08:11:06.404362Z,0,0,0,,,,1,Lakewood,30,4FS8-PRZE-55O4,"Mastercard ending in 8940",30,USD,2024-06-28T08:11:06.564362Z,0,0,0,,Completed,30,30,30,"Lakewood/Orange | Club Package - 2x a Week - 6 Month Contract (Grand Opening)","Lakewood/Orange | Club Package - 2x a Week - 6 Month Contract (Grand Opening)","Lakewood Tax - Memberships",0,30,0,0,0,,users,39867,carts,34509,partners,41395,order_lines,21243,partners,1,,users,39867
orders,21182,,USD,2024-06-28T08:11:06.198770Z,0,0,0,,,,1,Lakewood,40,BM84-ZNF2-55O4,"Visa ending in 3651",40,USD,2024-06-28T08:11:06.352652Z,0,0,0,,Completed,40,40,40,"Lakewood/Orange | VIP Unlimited - 6 Month Contract (Grand Opening)","Lakewood/Orange | VIP Unlimited - 6 Month Contract (Grand Opening)","Lakewood Tax - Memberships",0,40,0,0,0,,users,39997,carts,34508,partners,41395,order_lines,21242,partners,1,,users,39997
orders,21181,,USD,2024-06-28T08:11:04.760591Z,0,0,0,,,,1,Torrance,37,FE7E-T3MH-55O4,"Visa ending in 9655",37,USD,2024-06-28T08:11:04.939297Z,0,0,0,,Completed,37,37,37,"Torrance | Club Package - 6 Month Contract","Torrance | Club Package - 6 Month Contract","Torrance Tax - Memberships",0,37,0,0,0,,users,34921,carts,34506,partners,41362,order_lines,21240,partners,1,,users,34921
orders,21180,,USD,2024-06-28T08:11:04.725700Z,0,0,0,,,,1,Lakewood,35,KBVS-KWUR-55O4,"Mastercard ending in 8940",35,USD,2024-06-28T08:11:04.955290Z,0,0,0,,Completed,35,35,35,"Lakewood/Orange | Gold Package - 3x a Week - 6 Month Contract (Grand Opening)","Lakewood/Orange | Gold Package - 3x a Week - 6 Month Contract (Grand Opening)","Lakewood Tax - Memberships",0,35,0,0,0,,users,39868,carts,34504,partners,41395,order_lines,21241,partners,1,,users,39868
orders,21179,,USD,2024-06-28T08:11:04.711874Z,0,0,0,,,,1,Torrance,160,MGGK-U88C-55O4,"Visa ending in 6471",160,USD,2024-06-28T08:11:04.862150Z,0,0,0,,Completed,160,160,160,"Torrance | Redondo Beach VIP Unlimited","Torrance | Redondo Beach VIP Unlimited","Torrance Tax - Memberships",0,160,0,0,0,,users,39970,carts,34507,partners,41362,order_lines,21239,partners,1,,users,39970
orders,21178,,USD,2024-06-28T08:11:04.495859Z,0,0,0,,,,1,Torrance,37,8PYZ-2TR2-55O4,"Visa ending in 5662",37,USD,2024-06-28T08:11:04.601322Z,0,0,0,,Completed,37,37,37,"Torrance | Club Package - 6 Month Contract","Torrance | Club Package - 6 Month Contract","Torrance Tax - Memberships",0,37,0,0,0,,users,38933,carts,34505,partners,41362,order_lines,21238,partners,1,,users,38933
orders,21177,,USD,2024-06-28T08:11:03.504424Z,0,0,0,,,,1,Torrance,45,MQFC-XCGY-55O4,"Mastercard ending in 1678",45,USD,2024-06-28T08:11:03.614529Z,0,0,0,,Completed,45,45,45,"S2. 2023 Anniversary Special - Gold Package (Unlimited Promo)","S2. 2023 Anniversary Special - Gold Package (Unlimited Promo)","Torrance Tax - Memberships",0,45,0,0,0,,users,39423,carts,34503,partners,41362,order_lines,21237,partners,1,,users,39423
orders,21175,,USD,2024-06-28T08:11:00.620026Z,0,0,0,,,,1,Torrance,160,NU5U-X34B-55O4,"Mastercard ending in 0463",160,USD,2024-06-28T08:11:00.747235Z,0,0,0,,Completed,160,160,160,"D1. VIP Unlimited - M2M","D1. VIP Unlimited - M2M","Torrance Tax - Memberships",0,160,0,0,0,,users,35021,carts,34500,partners,41362,order_lines,21235,partners,1,,users,35021
orders,21173,,USD,2024-06-28T08:11:00.521608Z,0,0,0,,,,1,Torrance,25,MW54-QXTU-55O4,"Visa ending in 9172",25,USD,2024-06-28T08:11:00.693493Z,0,0,0,,Completed,25,25,25,"S1. 2023 Anniversary Special - Starter Package","S1. 2023 Anniversary Special - Starter Package","Torrance Tax - Memberships",0,25,0,0,0,,users,38998,carts,34501,partners,41362,order_lines,21233,partners,1,,users,38998
orders,21172,,USD,2024-06-28T08:11:00.491126Z,0,0,0,,,,1,Lakewood,35,Q7YA-KP8A-55O4,"Visa ending in 0486",35,USD,2024-06-28T08:11:00.651386Z,0,0,0,,Completed,35,35,35,"L1. Pre-Opening VIP Unlimited Membership - Lakewood","L1. Pre-Opening VIP Unlimited Membership - Lakewood","Lakewood Tax - Memberships",0,35,0,0,0,,users,39198,carts,34499,partners,41395,order_lines,21232,partners,1,,users,39198
orders,21171,,USD,2024-06-28T04:26:49.548391Z,0,0,0,,,,1,Torrance,139,662W-6U5T-55O4,"Mastercard ending in 1329",139,USD,2024-06-28T04:26:50.664086Z,0,0,0,,Completed,139,139,139,"BF. VIP 12 Month","BF. VIP 12 Month","Torrance Tax - Memberships",0,139,0,0,0,,users,34673,carts,34491,partners,41362,order_lines,21231,partners,1,,users,34673
orders,21170,1,USD,2024-06-28T04:10:50.557064Z,0,0,0,,,,,Torrance,0,UY4Q-BJBK-55O4,"Visa ending in 7400",15,USD,2024-06-28T04:10:50.782829Z,0,0,0,,Refunded,15,15,15,"No Show Fee",,"Torrance Tax - Penalty Fees",0,15,15,0,0,,users,40869,carts,34490,partners,41362,order_lines,21230,partners,1,,users,40869
orders,21169,,USD,2024-06-28T03:12:49.544946Z,0,0,0,,,,1,Orange,15,EGJW-AUF5-55O4,"Mastercard ending in 9290",15,USD,2024-06-28T03:12:49.990798Z,0,0,0,,Completed,15,15,15,"No Show Fee","No Show Fee","Orange Tax - Penalty Fees",0,15,0,0,0,,users,40786,carts,34486,partners,41430,order_lines,21229,partners,1,,users,40786
orders,21168,,USD,2024-06-28T03:12:49.477483Z,0,0,0,,,,1,Orange,15,ZZ4Z-GVT9-55O4,"Visa ending in 2861",15,USD,2024-06-28T03:12:49.597344Z,0,0,0,,Completed,15,15,15,"No Show Fee","No Show Fee","Orange Tax - Penalty Fees",0,15,0,0,0,,users,40906,carts,34484,partners,41430,order_lines,21228,partners,1,,users,40906
orders,21167,,USD,2024-06-28T01:45:47.610391Z,0,0,0,,,,1,Lakewood,20,PWF8-VF7U-55O4,"Visa ending in 2963",20,USD,2024-06-28T01:45:47.767118Z,0,0,0,,Completed,20,20,20,"Torrance/Lakewood/Orange | 2 Week Unlimited Pass","Torrance/Lakewood/Orange | 2 Week Unlimited Pass","Lakewood Tax - Memberships",0,20,0,0,0,,users,38891,carts,34481,partners,41395,order_lines,21227,partners,41395,,users,41085
orders,21165,,USD,2024-06-27T18:29:14.033835Z,0,0,0,,,,1,Orange,15,DTWS-4J7X-55O3,"Visa ending in 0153",15,USD,2024-06-27T18:29:14.196219Z,0,0,0,,Completed,15,15,15,"Late Cancel Fee","Late Cancel Fee","Orange Tax - Penalty Fees",0,15,0,0,0,,users,38313,carts,34469,partners,41430,order_lines,21225,partners,1,,users,38313
orders,21164,,USD,2024-06-27T18:29:14.032117Z,0,0,0,,,,1,Lakewood,15,CGJQ-5Y9J-55O3,"Visa ending in 4320",15,USD,2024-06-27T18:29:14.196722Z,0,0,0,,Completed,15,15,15,"No Show Fee","No Show Fee","Lakewood Tax - Penalty Fees",0,15,0,0,0,,users,40243,carts,34470,partners,41395,order_lines,21224,partners,1,,users,40243
orders,21162,,USD,2024-06-27T17:52:12.216229Z,1,37,37,1,,,,Torrance,0,6CNP-8NBN-55O3,"No Charge",0,USD,2024-06-27T17:52:12.389845Z,0,0,0,,Completed,0,0,0,"Torrance | Club Package - 6 Month Contract","Torrance | Club Package - 6 Month Contract","Torrance Tax - Memberships",0,0,0,0,0,,users,34587,carts,34460,partners,41362,order_lines,21222,partners,41362,,users,39821
orders,21161,,USD,2024-06-27T17:34:32.243060Z,0,0,0,,,,1,Orange,10,DGM6-98QQ-55O3,"Visa ending in 6827",10,USD,2024-06-27T17:34:32.456155Z,0,0,0,,Completed,10,10,10,"Torrance/Lakewood/Orange | 1 Week Trial for $10","Torrance/Lakewood/Orange | 1 Week Trial for $10","Orange Tax - Memberships",0,10,0,0,0,,users,41081,carts,34467,partners,41430,order_lines,21221,partners,1,,users,41081
orders,21159,,USD,2024-06-27T17:29:49.261243Z,1,40,40,1,,,,Lakewood,0,PP2G-2TSF-55O3,"No Charge",0,USD,2024-06-27T17:29:49.475890Z,0,0,0,,Completed,0,0,0,"Lakewood/Orange | VIP Unlimited - 6 Month Contract (Grand Opening)","Lakewood/Orange | VIP Unlimited - 6 Month Contract (Grand Opening)","Lakewood Tax - Memberships",0,0,0,0,0,,users,38891,carts,34463,partners,41395,order_lines,21219,partners,41395,,users,41004
orders,21158,,USD,2024-06-27T17:29:03.479313Z,0,0,0,,,,1,Orange,10,J8DN-8E43-55O3,"Visa ending in 6827",10,USD,2024-06-27T17:29:03.618837Z,0,0,0,,Completed,10,10,10,"Torrance/Lakewood/Orange | 1 Week Trial for $10","Torrance/Lakewood/Orange | 1 Week Trial for $10","Orange Tax - Memberships",0,10,0,0,0,,users,41080,carts,34464,partners,41430,order_lines,21218,partners,1,,users,41080
orders,21157,,USD,2024-06-27T16:34:07.985066Z,0,0,0,,,,1,Orange,10,GG6F-3CRK-55O3,"Visa ending in 3936",10,USD,2024-06-27T16:34:08.143761Z,0,0,0,,Completed,10,10,10,"Torrance/Lakewood/Orange | 1 Week Trial for $10","Torrance/Lakewood/Orange | 1 Week Trial for $10","Orange Tax - Memberships",0,10,0,0,0,,users,41079,carts,34459,partners,41430,order_lines,21217,partners,1,,users,41079
orders,21156,,USD,2024-06-27T04:52:27.370606Z,0,0,0,,,,1,Torrance,20,J6TZ-2F6R-55O3,"Visa ending in 1168",20,USD,2024-06-27T04:52:27.441546Z,0,0,0,,Completed,20,20,20,"Torrance/Lakewood/Orange | 2 Week Unlimited Pass","Torrance/Lakewood/Orange | 2 Week Unlimited Pass","Torrance Tax - Memberships",0,20,0,0,0,,users,41078,carts,34440,partners,41362,order_lines,21216,partners,1,,users,41078
orders,21155,,USD,2024-06-27T04:10:51.238113Z,0,0,0,,,,1,Orange,15,5GTM-CWJF-55O3,"Mastercard ending in 9290",15,USD,2024-06-27T04:10:51.340892Z,0,0,0,,Completed,15,15,15,"No Show Fee","No Show Fee","Orange Tax - Penalty Fees",0,15,0,0,0,,users,40786,carts,34438,partners,41430,order_lines,21215,partners,1,,users,40786
orders,21154,,USD,2024-06-27T03:10:49.293978Z,0,0,0,,,,1,Lakewood,15,2EMF-WGTS-55O3,"Mastercard ending in 3696",15,USD,2024-06-27T03:10:50.231122Z,0,0,0,,Completed,15,15,15,"No Show Fee","No Show Fee","Lakewood Tax - Penalty Fees",0,15,0,0,0,,users,39344,carts,34435,partners,41395,order_lines,21214,partners,1,,users,39344
orders,21152,,USD,2024-06-27T00:11:06.303662Z,0,0,0,,,,1,Torrance,15,AKK9-3229-55O3,"Visa ending in 4935",15,USD,2024-06-27T00:11:06.483509Z,0,0,0,,Completed,15,15,15,"Late Cancel Fee","Late Cancel Fee","Torrance Tax - Penalty Fees",0,15,0,0,0,,users,38551,carts,34427,partners,41362,order_lines,21212,partners,1,,users,38551
orders,21151,,USD,2024-06-26T22:15:08.437755Z,0,0,0,,,,1,Lakewood,35,8SZQ-7S7J-55O2,"Mastercard ending in 3696",35,USD,2024-06-26T22:15:08.569603Z,0,0,0,,Completed,35,35,35,"L1. Pre-Opening VIP Unlimited Membership - Lakewood","L1. Pre-Opening VIP Unlimited Membership - Lakewood","Lakewood Tax - Memberships",0,35,0,0,0,,users,39344,carts,34423,partners,41395,order_lines,21211,partners,1,,users,39344
